algorithm,problem,n_items,k,execution_time,feasible,objective,error,status,optimal_objective,gap_absolute,gap_percent,is_outlier,gap_percent_display
LargestDifferenceFirst,n5_k2,5,2,0.0005981922149658,True,32.45098900737034,,ok,25.82743263402793,6.62355637334241,25.645430837813127,False,25.645430837813127
LargestDifferenceFirst,n8_k2,8,2,0.0004832744598388,True,43.06532375264956,,ok,0.1665035573961688,42.89882019525339,25764.50669650406,True,1000.0
LargestDifferenceFirst,n11_k2,11,2,0.0004806518554687,True,29.456844994789577,,ok,0.4586786899890285,28.99816630480055,6322.108904927364,True,1000.0
LargestDifferenceFirst,n14_k2,14,2,0.0005629062652587,True,44.05002835739043,,ok,0.0313936674504589,44.01863468993997,140215.0123409571,True,1000.0
LargestDifferenceFirst,n17_k2,17,2,0.0007054805755615,True,51.79646729569316,,ok,0.001797389250953,51.79466990644221,51.79466990644221,False,51.79466990644221
LargestDifferenceFirst,n20_k2,20,2,0.0009148120880126,True,38.6188749123836,,ok,9.189865994585487e-05,38.61878301372366,38.61878301372366,False,38.61878301372366
LargestDifferenceFirst,n23_k2,23,2,0.0015373229980468,True,45.95092567020674,,ok,6.318175337582943e-05,45.95086248845337,45.95086248845337,False,45.95086248845337
LargestDifferenceFirst,n26_k2,26,2,0.0026555061340332,True,46.65765333627007,,ok,1.2762134133481595e-05,46.65764057413594,46.65764057413594,False,46.65764057413594
LargestDifferenceFirst,n5_k3,5,3,0.0010621547698974,True,51.36329435216744,,ok,17.592549813177,33.77074453899044,191.9604883750041,False,191.9604883750041
LargestDifferenceFirst,n8_k3,8,3,0.0005919933319091,True,69.94722293620202,,ok,10.553848664097645,59.39337427210438,562.7650742629113,False,562.7650742629113
LargestDifferenceFirst,n11_k3,11,3,0.0005910396575927,True,86.92727939444819,,ok,0.7899792150813596,86.13730017936683,10903.74259663219,True,1000.0
LargestDifferenceFirst,n14_k3,14,3,0.0008521080017089,True,69.53875804673226,,ok,0.6314209524245484,68.9073370943077,10913.058369335911,True,1000.0
LargestDifferenceFirst,n17_k3,17,3,0.0026757717132568,True,65.99483652424595,,ok,0.0563066707122175,65.93852985353374,117106.07112706862,True,1000.0
LargestDifferenceFirst,n5_k4,5,4,0.0009512901306152,True,108.37878895420754,,ok,74.46066972322153,33.91811923098601,45.5517246313569,False,45.5517246313569
LargestDifferenceFirst,n8_k4,8,4,0.0007452964782714,True,84.4119041507422,,ok,15.461411970445,68.9504921802972,445.9521052288002,False,445.9521052288002
LargestDifferenceFirst,n11_k4,11,4,0.0028183460235595,True,72.65424127936836,,ok,4.210362997439773,68.44387828192859,1625.6051633445327,True,1000.0
LargestDifferenceFirst,n14_k4,14,4,0.0021240711212158,True,89.50764100940728,,ok,1.947985156206272,87.55965585320101,4494.883114187823,True,1000.0
LargestDifferenceFirst,n17_k4,17,4,0.0028464794158935,True,57.28313409741048,,ok,0.1496206955904142,57.13351340182007,38185.56863164354,True,1000.0
LargestDifferenceFirst,n5_k5,5,5,0.0006055831909179,True,50.93891267300193,,ok,50.93891267300193,0.0,0.0,False,0.0
LargestDifferenceFirst,n8_k5,8,5,0.0009026527404785,True,131.80331365421645,,ok,41.06904893561958,90.73426471859688,220.93101026233452,False,220.93101026233452
LargestDifferenceFirst,n11_k5,11,5,0.0018393993377685,True,91.5041432640598,,ok,25.962090293762017,65.54205297029779,252.45291202937446,False,252.45291202937446
LargestDifferenceFirst,n14_k5,14,5,0.0032670497894287,True,88.60767882927516,,ok,2.671177659648692,85.93650116962647,3217.1765460530496,True,1000.0
LargestDifferenceFirst,n17_k5,17,5,0.0037965774536132,True,122.777858397034,,ok,1.4822944826902642,121.29556391434373,8182.959953692905,True,1000.0
FirstFitDecreasing,n5_k2,5,2,0.0003068447113037,True,25.82743263402793,,ok,25.82743263402793,0.0,0.0,False,0.0
FirstFitDecreasing,n8_k2,8,2,0.00026535987854,True,0.2180271277064775,,ok,0.1665035573961688,0.051523570310308714,30.94442612281043,False,30.94442612281043
FirstFitDecreasing,n11_k2,11,2,0.0001978874206542,True,1.89664054692426,,ok,0.4586786899890285,1.4379618569352315,313.50090778571536,False,313.50090778571536
FirstFitDecreasing,n14_k2,14,2,0.0002253055572509,True,13.41327836729556,,ok,0.0313936674504589,13.3818846998451,42626.06374665375,True,1000.0
FirstFitDecreasing,n17_k2,17,2,0.0002760887145996,True,3.869685750389976,,ok,0.001797389250953,3.867888361139023,3.867888361139023,False,3.867888361139023
FirstFitDecreasing,n20_k2,20,2,0.0005431175231933,True,1.5197448578707622,,ok,9.189865994585487e-05,1.5196529592108163,1.5196529592108163,False,1.5196529592108163
FirstFitDecreasing,n23_k2,23,2,0.000420331954956,True,5.069965765517736,,ok,6.318175337582943e-05,5.06990258376436,5.06990258376436,False,5.06990258376436
FirstFitDecreasing,n26_k2,26,2,0.0005850791931152,True,0.2123940932790446,,ok,1.2762134133481595e-05,0.21238133114491112,0.21238133114491112,False,0.21238133114491112
FirstFitDecreasing,n5_k3,5,3,0.0006022453308105,True,17.592549813177,,ok,17.592549813177,0.0,0.0,False,0.0
FirstFitDecreasing,n8_k3,8,3,0.0002877712249755,True,27.92868805567683,,ok,10.553848664097645,17.374839391579187,164.6303632407139,False,164.6303632407139
FirstFitDecreasing,n11_k3,11,3,0.0002534389495849,True,17.782448468467237,,ok,0.7899792150813596,16.992469253385877,2151.0020680273,True,1000.0
FirstFitDecreasing,n14_k3,14,3,0.0003151893615722,True,4.892490423570962,,ok,0.6314209524245484,4.261069471146413,674.8381495394848,False,674.8381495394848
FirstFitDecreasing,n17_k3,17,3,0.0003328323364257,True,5.48875111448848,,ok,0.0563066707122175,5.432444443776262,9647.958892013701,True,1000.0
FirstFitDecreasing,n5_k4,5,4,0.0008625984191894,True,74.46066972322153,,ok,74.46066972322153,0.0,0.0,False,0.0
FirstFitDecreasing,n8_k4,8,4,0.00081467628479,True,15.461411970445,,ok,15.461411970445,0.0,0.0,False,0.0
FirstFitDecreasing,n11_k4,11,4,0.0005125999450683,True,15.914516608644648,,ok,4.210362997439773,11.704153611204875,277.98443075625323,False,277.98443075625323
FirstFitDecreasing,n14_k4,14,4,0.0011014938354492,True,26.75559326647624,,ok,1.947985156206272,24.807608110269967,1273.500880190644,True,1000.0
FirstFitDecreasing,n17_k4,17,4,0.0006537437438964,True,6.196438927730384,,ok,0.1496206955904142,6.0468182321399695,4041.4317072105455,True,1000.0
FirstFitDecreasing,n5_k5,5,5,0.0003910064697265,True,50.93891267300193,,ok,50.93891267300193,0.0,0.0,False,0.0
FirstFitDecreasing,n8_k5,8,5,0.0004451274871826,True,41.06904893561958,,ok,41.06904893561958,0.0,0.0,False,0.0
FirstFitDecreasing,n11_k5,11,5,0.0005023479461669,True,28.641123844119434,,ok,25.962090293762017,2.679033550357417,10.31902100348644,False,10.31902100348644
FirstFitDecreasing,n14_k5,14,5,0.0005764961242675,True,30.75276169990656,,ok,2.671177659648692,28.08158404025787,1051.2810310022996,True,1000.0
FirstFitDecreasing,n17_k5,17,5,0.0010819435119628,True,6.236942468528184,,ok,1.4822944826902642,4.75464798583792,320.762712224939,False,320.762712224939
BestFitDecreasing,n5_k2,5,2,0.0006952285766601,True,25.82743263402793,,ok,25.82743263402793,0.0,0.0,False,0.0
BestFitDecreasing,n8_k2,8,2,0.0005440711975097,True,0.2180271277064775,,ok,0.1665035573961688,0.051523570310308714,30.94442612281043,False,30.94442612281043
BestFitDecreasing,n11_k2,11,2,0.0003812313079833,True,1.89664054692426,,ok,0.4586786899890285,1.4379618569352315,313.50090778571536,False,313.50090778571536
BestFitDecreasing,n14_k2,14,2,0.0004899501800537,True,13.41327836729556,,ok,0.0313936674504589,13.3818846998451,42626.06374665375,True,1000.0
BestFitDecreasing,n17_k2,17,2,0.00034761428833,True,3.869685750389976,,ok,0.001797389250953,3.867888361139023,3.867888361139023,False,3.867888361139023
BestFitDecreasing,n20_k2,20,2,0.0004141330718994,True,1.5197448578707622,,ok,9.189865994585487e-05,1.5196529592108163,1.5196529592108163,False,1.5196529592108163
BestFitDecreasing,n23_k2,23,2,0.0004463195800781,True,5.069965765517736,,ok,6.318175337582943e-05,5.06990258376436,5.06990258376436,False,5.06990258376436
BestFitDecreasing,n26_k2,26,2,0.0004444122314453,True,0.2123940932790446,,ok,1.2762134133481595e-05,0.21238133114491112,0.21238133114491112,False,0.21238133114491112
BestFitDecreasing,n5_k3,5,3,0.0004501342773437,True,17.592549813177,,ok,17.592549813177,0.0,0.0,False,0.0
BestFitDecreasing,n8_k3,8,3,0.0015394687652587,True,27.92868805567683,,ok,10.553848664097645,17.374839391579187,164.6303632407139,False,164.6303632407139
BestFitDecreasing,n11_k3,11,3,0.000497817993164,True,17.782448468467237,,ok,0.7899792150813596,16.992469253385877,2151.0020680273,True,1000.0
BestFitDecreasing,n14_k3,14,3,0.0004787445068359,True,4.892490423570962,,ok,0.6314209524245484,4.261069471146413,674.8381495394848,False,674.8381495394848
BestFitDecreasing,n17_k3,17,3,0.0005037784576416,True,5.48875111448848,,ok,0.0563066707122175,5.432444443776262,9647.958892013701,True,1000.0
BestFitDecreasing,n5_k4,5,4,0.0002665519714355,True,77.04982554474634,,ok,74.46066972322153,2.5891558215248125,3.4772126427938246,False,3.4772126427938246
BestFitDecreasing,n8_k4,8,4,0.0002787113189697,True,15.461411970445,,ok,15.461411970445,0.0,0.0,False,0.0
BestFitDecreasing,n11_k4,11,4,0.0003249645233154,True,15.914516608644648,,ok,4.210362997439773,11.704153611204875,277.98443075625323,False,277.98443075625323
BestFitDecreasing,n14_k4,14,4,0.0003964900970458,True,26.75559326647624,,ok,1.947985156206272,24.807608110269967,1273.500880190644,True,1000.0
BestFitDecreasing,n17_k4,17,4,0.0005531311035156,True,6.196438927730384,,ok,0.1496206955904142,6.0468182321399695,4041.4317072105455,True,1000.0
BestFitDecreasing,n5_k5,5,5,0.0004868507385253,True,50.93891267300193,,ok,50.93891267300193,0.0,0.0,False,0.0
BestFitDecreasing,n8_k5,8,5,0.0007038116455078,True,41.06904893561958,,ok,41.06904893561958,0.0,0.0,False,0.0
BestFitDecreasing,n11_k5,11,5,0.0004274845123291,True,39.761678727587885,,ok,25.962090293762017,13.799588433825868,53.15284045962021,False,53.15284045962021
BestFitDecreasing,n14_k5,14,5,0.0007905960083007,True,30.75276169990656,,ok,2.671177659648692,28.08158404025787,1051.2810310022996,True,1000.0
BestFitDecreasing,n17_k5,17,5,0.0009045600891113,True,6.236942468528184,,ok,1.4822944826902642,4.75464798583792,320.762712224939,False,320.762712224939
WorstFitDecreasing,n5_k2,5,2,0.0002238750457763,True,32.45098900737034,,ok,25.82743263402793,6.62355637334241,25.645430837813127,False,25.645430837813127
WorstFitDecreasing,n8_k2,8,2,0.0003707408905029,True,48.01451727117555,,ok,0.1665035573961688,47.84801371377938,28736.9317881495,True,1000.0
WorstFitDecreasing,n11_k2,11,2,0.0002748966217041,True,9.60574778025216,,ok,0.4586786899890285,9.147069090263132,1994.2215084118966,True,1000.0
WorstFitDecreasing,n14_k2,14,2,0.0002815723419189,True,23.832657223388765,,ok,0.0313936674504589,23.801263555938306,75815.49238711322,True,1000.0
WorstFitDecreasing,n17_k2,17,2,0.0003237724304199,True,27.32406687479471,,ok,0.001797389250953,27.322269485543757,27.322269485543757,False,27.322269485543757
WorstFitDecreasing,n20_k2,20,2,0.0003223419189453,True,17.314583483003844,,ok,9.189865994585487e-05,17.314491584343898,17.314491584343898,False,17.314491584343898
WorstFitDecreasing,n23_k2,23,2,0.0010950565338134,True,417.43315187936446,,ok,6.318175337582943e-05,417.4330886976111,417.4330886976111,False,417.4330886976111
WorstFitDecreasing,n26_k2,26,2,0.0005981922149658,True,117.38928640223094,,ok,1.2762134133481595e-05,117.3892736400968,117.3892736400968,False,117.3892736400968
WorstFitDecreasing,n5_k3,5,3,0.0002145767211914,True,51.36329435216744,,ok,17.592549813177,33.77074453899044,191.9604883750041,False,191.9604883750041
WorstFitDecreasing,n8_k3,8,3,0.0004918575286865,True,132.14029828557398,,ok,10.553848664097645,121.58644962147633,1152.0579221027895,True,1000.0
WorstFitDecreasing,n11_k3,11,3,0.0004160404205322,True,114.20747521373173,,ok,0.7899792150813596,113.41749599865037,14357.022796728841,True,1000.0
WorstFitDecreasing,n14_k3,14,3,0.0005033016204833,True,9.685600305664307,,ok,0.6314209524245484,9.054179353239759,1433.9371093837256,True,1000.0
WorstFitDecreasing,n17_k3,17,3,0.0005531311035156,True,143.06722233547484,,ok,0.0563066707122175,143.01091566476262,253985.7424632494,True,1000.0
WorstFitDecreasing,n5_k4,5,4,0.0003454685211181,True,74.46066972322153,,ok,74.46066972322153,0.0,0.0,False,0.0
WorstFitDecreasing,n8_k4,8,4,0.0003941059112548,True,56.62692017863779,,ok,15.461411970445,41.16550820819279,266.246758619989,False,266.246758619989
WorstFitDecreasing,n11_k4,11,4,0.0004236698150634,True,42.663987162949866,,ok,4.210362997439773,38.45362416551009,913.3089994590222,False,913.3089994590222
WorstFitDecreasing,n14_k4,14,4,0.0004386901855468,True,88.0277768495506,,ok,1.947985156206272,86.07979169334433,4418.914149273392,True,1000.0
WorstFitDecreasing,n17_k4,17,4,0.0005183219909667,True,165.42584560067232,,ok,0.1496206955904142,165.2762249050819,110463.47850000954,True,1000.0
WorstFitDecreasing,n5_k5,5,5,0.0003678798675537,True,50.93891267300193,,ok,50.93891267300193,0.0,0.0,False,0.0
WorstFitDecreasing,n8_k5,8,5,0.0003635883331298,True,74.38660512210953,,ok,41.06904893561958,33.31755618648995,81.12570670608669,False,81.12570670608669
WorstFitDecreasing,n11_k5,11,5,0.0004613399505615,True,94.37180528425168,,ok,25.962090293762017,68.40971499048966,263.4984865102586,False,263.4984865102586
WorstFitDecreasing,n14_k5,14,5,0.0004951953887939,True,65.4624075036879,,ok,2.671177659648692,62.79122984403921,2350.6946315318237,True,1000.0
WorstFitDecreasing,n17_k5,17,5,0.000528335571289,True,37.980011159538606,,ok,1.4822944826902642,36.49771667684834,2462.2446553674986,True,1000.0
RoundRobinGreedy,n5_k2,5,2,0.0028121471405029,True,25.82743263402793,,ok,25.82743263402793,0.0,0.0,False,0.0
RoundRobinGreedy,n8_k2,8,2,0.0008111000061035,True,0.2180271277064775,,ok,0.1665035573961688,0.051523570310308714,30.94442612281043,False,30.94442612281043
RoundRobinGreedy,n11_k2,11,2,0.000662088394165,True,1.89664054692426,,ok,0.4586786899890285,1.4379618569352315,313.50090778571536,False,313.50090778571536
RoundRobinGreedy,n14_k2,14,2,0.0023055076599121,True,13.41327836729556,,ok,0.0313936674504589,13.3818846998451,42626.06374665375,True,1000.0
RoundRobinGreedy,n17_k2,17,2,0.0028443336486816,True,3.869685750389976,,ok,0.001797389250953,3.867888361139023,3.867888361139023,False,3.867888361139023
RoundRobinGreedy,n20_k2,20,2,0.001469612121582,True,1.5197448578707622,,ok,9.189865994585487e-05,1.5196529592108163,1.5196529592108163,False,1.5196529592108163
RoundRobinGreedy,n23_k2,23,2,0.0035061836242675,True,5.069965765517736,,ok,6.318175337582943e-05,5.06990258376436,5.06990258376436,False,5.06990258376436
RoundRobinGreedy,n26_k2,26,2,0.0017809867858886,True,0.2123940932790446,,ok,1.2762134133481595e-05,0.21238133114491112,0.21238133114491112,False,0.21238133114491112
RoundRobinGreedy,n5_k3,5,3,0.0004100799560546,True,17.592549813177,,ok,17.592549813177,0.0,0.0,False,0.0
RoundRobinGreedy,n8_k3,8,3,0.0032234191894531,True,27.92868805567683,,ok,10.553848664097645,17.374839391579187,164.6303632407139,False,164.6303632407139
RoundRobinGreedy,n11_k3,11,3,0.0009877681732177,True,17.782448468467237,,ok,0.7899792150813596,16.992469253385877,2151.0020680273,True,1000.0
RoundRobinGreedy,n14_k3,14,3,0.0024998188018798,True,4.892490423570962,,ok,0.6314209524245484,4.261069471146413,674.8381495394848,False,674.8381495394848
RoundRobinGreedy,n17_k3,17,3,0.0010952949523925,True,5.48875111448848,,ok,0.0563066707122175,5.432444443776262,9647.958892013701,True,1000.0
RoundRobinGreedy,n5_k4,5,4,0.0017280578613281,True,74.46066972322153,,ok,74.46066972322153,0.0,0.0,False,0.0
RoundRobinGreedy,n8_k4,8,4,0.0077936649322509,True,15.461411970445,,ok,15.461411970445,0.0,0.0,False,0.0
RoundRobinGreedy,n11_k4,11,4,0.0022671222686767,True,15.914516608644648,,ok,4.210362997439773,11.704153611204875,277.98443075625323,False,277.98443075625323
RoundRobinGreedy,n14_k4,14,4,0.0028309822082519,True,26.75559326647624,,ok,1.947985156206272,24.807608110269967,1273.500880190644,True,1000.0
RoundRobinGreedy,n17_k4,17,4,0.0016148090362548,True,6.196438927730384,,ok,0.1496206955904142,6.0468182321399695,4041.4317072105455,True,1000.0
RoundRobinGreedy,n5_k5,5,5,0.0009515285491943,True,50.93891267300193,,ok,50.93891267300193,0.0,0.0,False,0.0
RoundRobinGreedy,n8_k5,8,5,0.0025651454925537,True,41.06904893561958,,ok,41.06904893561958,0.0,0.0,False,0.0
RoundRobinGreedy,n11_k5,11,5,0.0016710758209228,True,28.641123844119434,,ok,25.962090293762017,2.679033550357417,10.31902100348644,False,10.31902100348644
RoundRobinGreedy,n14_k5,14,5,0.0015127658843994,True,30.75276169990656,,ok,2.671177659648692,28.08158404025787,1051.2810310022996,True,1000.0
RoundRobinGreedy,n17_k5,17,5,0.0045642852783203,True,6.236942468528184,,ok,1.4822944826902642,4.75464798583792,320.762712224939,False,320.762712224939
LPT,n5_k2,5,2,0.0004317760467529,True,25.82743263402793,,ok,25.82743263402793,0.0,0.0,False,0.0
LPT,n8_k2,8,2,0.000364065170288,True,0.2180271277064775,,ok,0.1665035573961688,0.051523570310308714,30.94442612281043,False,30.94442612281043
LPT,n11_k2,11,2,0.0003623962402343,True,1.89664054692426,,ok,0.4586786899890285,1.4379618569352315,313.50090778571536,False,313.50090778571536
LPT,n14_k2,14,2,0.0004575252532958,True,13.41327836729556,,ok,0.0313936674504589,13.3818846998451,42626.06374665375,True,1000.0
LPT,n17_k2,17,2,0.0004498958587646,True,3.869685750389976,,ok,0.001797389250953,3.867888361139023,3.867888361139023,False,3.867888361139023
LPT,n20_k2,20,2,0.0009474754333496,True,1.5197448578707622,,ok,9.189865994585487e-05,1.5196529592108163,1.5196529592108163,False,1.5196529592108163
LPT,n23_k2,23,2,0.0006008148193359,True,5.069965765517736,,ok,6.318175337582943e-05,5.06990258376436,5.06990258376436,False,5.06990258376436
LPT,n26_k2,26,2,0.00632905960083,True,0.2123940932790446,,ok,1.2762134133481595e-05,0.21238133114491112,0.21238133114491112,False,0.21238133114491112
LPT,n5_k3,5,3,0.0009431838989257,True,17.592549813177,,ok,17.592549813177,0.0,0.0,False,0.0
LPT,n8_k3,8,3,0.0017611980438232,True,27.92868805567683,,ok,10.553848664097645,17.374839391579187,164.6303632407139,False,164.6303632407139
LPT,n11_k3,11,3,0.0021641254425048,True,17.782448468467237,,ok,0.7899792150813596,16.992469253385877,2151.0020680273,True,1000.0
LPT,n14_k3,14,3,0.0016818046569824,True,4.892490423570962,,ok,0.6314209524245484,4.261069471146413,674.8381495394848,False,674.8381495394848
LPT,n17_k3,17,3,0.0027656555175781,True,5.48875111448848,,ok,0.0563066707122175,5.432444443776262,9647.958892013701,True,1000.0
LPT,n5_k4,5,4,0.0013167858123779,True,74.46066972322153,,ok,74.46066972322153,0.0,0.0,False,0.0
LPT,n8_k4,8,4,0.0002892017364501,True,15.461411970445,,ok,15.461411970445,0.0,0.0,False,0.0
LPT,n11_k4,11,4,0.0002861022949218,True,15.914516608644648,,ok,4.210362997439773,11.704153611204875,277.98443075625323,False,277.98443075625323
LPT,n14_k4,14,4,0.0002696514129638,True,26.75559326647624,,ok,1.947985156206272,24.807608110269967,1273.500880190644,True,1000.0
LPT,n17_k4,17,4,0.0003318786621093,True,6.196438927730384,,ok,0.1496206955904142,6.0468182321399695,4041.4317072105455,True,1000.0
LPT,n5_k5,5,5,0.0002970695495605,True,50.93891267300193,,ok,50.93891267300193,0.0,0.0,False,0.0
LPT,n8_k5,8,5,0.000563621520996,True,41.06904893561958,,ok,41.06904893561958,0.0,0.0,False,0.0
LPT,n11_k5,11,5,0.0003411769866943,True,28.641123844119434,,ok,25.962090293762017,2.679033550357417,10.31902100348644,False,10.31902100348644
LPT,n14_k5,14,5,0.0004060268402099,True,30.75276169990656,,ok,2.671177659648692,28.08158404025787,1051.2810310022996,True,1000.0
LPT,n17_k5,17,5,0.0004053115844726,True,6.236942468528184,,ok,1.4822944826902642,4.75464798583792,320.762712224939,False,320.762712224939
KK,n5_k2,5,2,0.0002524852752685,True,25.82743263402793,,ok,25.82743263402793,0.0,0.0,False,0.0
KK,n8_k2,8,2,0.0003252029418945,True,1.1327591119582223,,ok,0.1665035573961688,0.9662555545620535,580.3212674087208,False,580.3212674087208
KK,n11_k2,11,2,0.000319480895996,True,4.7398013758189,,ok,0.4586786899890285,4.281122685829872,933.3598397458306,False,933.3598397458306
KK,n14_k2,14,2,0.000396728515625,True,36.56497862798386,,ok,0.0313936674504589,36.5335849605334,116372.46593818834,True,1000.0
KK,n17_k2,17,2,0.0005354881286621,True,9.317816710410796,,ok,0.001797389250953,9.316019321159843,9.316019321159843,False,9.316019321159843
KK,n20_k2,20,2,0.0009517669677734,True,3.882921203709998,,ok,9.189865994585487e-05,3.882829305050052,3.882829305050052,False,3.882829305050052
KK,n23_k2,23,2,0.0005078315734863,True,9.420074972004386,,ok,6.318175337582943e-05,9.42001179025101,9.42001179025101,False,9.42001179025101
KK,n26_k2,26,2,0.0005266666412353,True,8.619087183656688,,ok,1.2762134133481595e-05,8.619074421522555,8.619074421522555,False,8.619074421522555
KK,n5_k3,5,3,0.0002903938293457,True,17.592549813177,,ok,17.592549813177,0.0,0.0,False,0.0
KK,n8_k3,8,3,0.0002808570861816,True,27.92868805567683,,ok,10.553848664097645,17.374839391579187,164.6303632407139,False,164.6303632407139
KK,n11_k3,11,3,0.0003840923309326,True,17.782448468467237,,ok,0.7899792150813596,16.992469253385877,2151.0020680273,True,1000.0
KK,n14_k3,14,3,0.0004200935363769,True,4.892490423570962,,ok,0.6314209524245484,4.261069471146413,674.8381495394848,False,674.8381495394848
KK,n17_k3,17,3,0.0005092620849609,True,5.48875111448848,,ok,0.0563066707122175,5.432444443776262,9647.958892013701,True,1000.0
KK,n5_k4,5,4,0.0003178119659423,True,74.46066972322153,,ok,74.46066972322153,0.0,0.0,False,0.0
KK,n8_k4,8,4,0.0003678798675537,True,15.461411970445,,ok,15.461411970445,0.0,0.0,False,0.0
KK,n11_k4,11,4,0.0004475116729736,True,15.914516608644648,,ok,4.210362997439773,11.704153611204875,277.98443075625323,False,277.98443075625323
KK,n14_k4,14,4,0.0005824565887451,True,26.75559326647624,,ok,1.947985156206272,24.807608110269967,1273.500880190644,True,1000.0
KK,n17_k4,17,4,0.0005221366882324,True,6.196438927730384,,ok,0.1496206955904142,6.0468182321399695,4041.4317072105455,True,1000.0
KK,n5_k5,5,5,0.0003011226654052,True,50.93891267300193,,ok,50.93891267300193,0.0,0.0,False,0.0
KK,n8_k5,8,5,0.0003328323364257,True,41.06904893561958,,ok,41.06904893561958,0.0,0.0,False,0.0
KK,n11_k5,11,5,0.0003659725189208,True,39.761678727587885,,ok,25.962090293762017,13.799588433825868,53.15284045962021,False,53.15284045962021
KK,n14_k5,14,5,0.0005168914794921,True,30.75276169990656,,ok,2.671177659648692,28.08158404025787,1051.2810310022996,True,1000.0
KK,n17_k5,17,5,0.0006055831909179,True,6.236942468528184,,ok,1.4822944826902642,4.75464798583792,320.762712224939,False,320.762712224939
SimulatedAnnealing,n5_k2,5,2,0.0548789501190185,True,25.82743263402793,,ok,25.82743263402793,0.0,0.0,False,0.0
SimulatedAnnealing,n8_k2,8,2,0.0451557636260986,True,0.1665035573961688,,ok,0.1665035573961688,0.0,0.0,False,0.0
SimulatedAnnealing,n11_k2,11,2,0.0380845069885253,True,0.4586786899890285,,ok,0.4586786899890285,0.0,0.0,False,0.0
SimulatedAnnealing,n14_k2,14,2,0.0331995487213134,True,0.1302070673527851,,ok,0.0313936674504589,0.09881339990232618,314.755834304035,False,314.755834304035
SimulatedAnnealing,n17_k2,17,2,0.0462639331817626,True,0.0826054927702557,,ok,0.001797389250953,0.08080810351930269,0.08080810351930269,False,0.08080810351930269
SimulatedAnnealing,n20_k2,20,2,0.0409507751464843,True,0.2707434224545295,,ok,9.189865994585487e-05,0.2706515237945836,0.2706515237945836,False,0.2706515237945836
SimulatedAnnealing,n23_k2,23,2,0.0375430583953857,True,0.0209568526104249,,ok,6.318175337582943e-05,0.02089367085704907,0.02089367085704907,False,0.02089367085704907
SimulatedAnnealing,n26_k2,26,2,0.0270180702209472,True,0.2123940932790446,,ok,1.2762134133481595e-05,0.21238133114491112,0.21238133114491112,False,0.21238133114491112
SimulatedAnnealing,n5_k3,5,3,0.0460140705108642,True,17.592549813177,,ok,17.592549813177,0.0,0.0,False,0.0
SimulatedAnnealing,n8_k3,8,3,0.0457332134246826,True,10.553848664097645,,ok,10.553848664097645,0.0,0.0,False,0.0
SimulatedAnnealing,n11_k3,11,3,0.0475170612335205,True,0.7899792150813596,,ok,0.7899792150813596,0.0,0.0,False,0.0
SimulatedAnnealing,n14_k3,14,3,0.0380158424377441,True,1.8430855823119143,,ok,0.6314209524245484,1.211664629887366,191.89490390440497,False,191.89490390440497
SimulatedAnnealing,n17_k3,17,3,0.0322649478912353,True,1.2554807080348382,,ok,0.0563066707122175,1.1991740373226207,2129.719307063243,True,1000.0
SimulatedAnnealing,n5_k4,5,4,0.0812625885009765,True,74.46066972322153,,ok,74.46066972322153,0.0,0.0,False,0.0
SimulatedAnnealing,n8_k4,8,4,0.0583367347717285,True,15.461411970445,,ok,15.461411970445,0.0,0.0,False,0.0
SimulatedAnnealing,n11_k4,11,4,0.0342564582824707,True,11.083830906491926,,ok,4.210362997439773,6.873467909052152,163.25119504498193,False,163.25119504498193
SimulatedAnnealing,n14_k4,14,4,0.0420053005218505,True,3.079553256638832,,ok,1.947985156206272,1.1315681004325602,58.08915416153913,False,58.08915416153913
SimulatedAnnealing,n17_k4,17,4,0.0414850711822509,True,3.5052198913087977,,ok,0.1496206955904142,3.3555991957183835,2242.7373315415653,True,1000.0
SimulatedAnnealing,n5_k5,5,5,0.0013611316680908,True,50.93891267300193,,ok,50.93891267300193,0.0,0.0,False,0.0
SimulatedAnnealing,n8_k5,8,5,0.0283803939819335,True,41.06904893561958,,ok,41.06904893561958,0.0,0.0,False,0.0
SimulatedAnnealing,n11_k5,11,5,0.038867712020874,True,28.641123844119434,,ok,25.962090293762017,2.679033550357417,10.31902100348644,False,10.31902100348644
SimulatedAnnealing,n14_k5,14,5,0.0305433273315429,True,10.734431850191356,,ok,2.671177659648692,8.063254190542665,301.86139665465487,False,301.86139665465487
SimulatedAnnealing,n17_k5,17,5,0.0456385612487793,True,3.1742556394502515,,ok,1.4822944826902642,1.6919611567599873,114.14473820945432,False,114.14473820945432
GeneticAlgorithm,n5_k2,5,2,0.0769529342651367,True,25.82743263402793,,ok,25.82743263402793,0.0,0.0,False,0.0
GeneticAlgorithm,n8_k2,8,2,0.0961575508117675,True,0.1665035573961688,,ok,0.1665035573961688,0.0,0.0,False,0.0
GeneticAlgorithm,n11_k2,11,2,0.1169407367706298,True,0.5760541194224231,,ok,0.4586786899890285,0.11737542943339463,25.589902473167488,False,25.589902473167488
GeneticAlgorithm,n14_k2,14,2,0.1759655475616455,True,0.0313936674504589,,ok,0.0313936674504589,0.0,0.0,False,0.0
GeneticAlgorithm,n17_k2,17,2,0.1525228023529052,True,0.1172029001660917,,ok,0.001797389250953,0.11540551091513869,0.11540551091513869,False,0.11540551091513869
GeneticAlgorithm,n20_k2,20,2,0.2500252723693847,True,0.1196864889925564,,ok,9.189865994585487e-05,0.11959459033261055,0.11959459033261055,False,0.11959459033261055
GeneticAlgorithm,n23_k2,23,2,0.2256648540496826,True,0.3009221926702139,,ok,6.318175337582943e-05,0.3008590109168381,0.3008590109168381,False,0.3008590109168381
GeneticAlgorithm,n26_k2,26,2,0.179849624633789,True,0.2123940932790446,,ok,1.2762134133481595e-05,0.21238133114491112,0.21238133114491112,False,0.21238133114491112
GeneticAlgorithm,n5_k3,5,3,0.0822670459747314,True,17.592549813177,,ok,17.592549813177,0.0,0.0,False,0.0
GeneticAlgorithm,n8_k3,8,3,0.1137318611145019,True,10.553848664097645,,ok,10.553848664097645,0.0,0.0,False,0.0
GeneticAlgorithm,n11_k3,11,3,0.2830543518066406,True,2.245982718616659,,ok,0.7899792150813596,1.4560035035352996,184.30909013034557,False,184.30909013034557
GeneticAlgorithm,n14_k3,14,3,0.19769287109375,True,2.102998687216939,,ok,0.6314209524245484,1.4715777347923904,233.05810951343688,False,233.05810951343688
GeneticAlgorithm,n17_k3,17,3,0.507697343826294,True,3.009307110402176,,ok,0.0563066707122175,2.9530004396899585,5244.494839310775,True,1000.0
GeneticAlgorithm,n5_k4,5,4,0.0960161685943603,True,74.46066972322153,,ok,74.46066972322153,0.0,0.0,False,0.0
GeneticAlgorithm,n8_k4,8,4,0.1339662075042724,True,15.461411970445,,ok,15.461411970445,0.0,0.0,False,0.0
GeneticAlgorithm,n11_k4,11,4,0.2154684066772461,True,5.139412374042507,,ok,4.210362997439773,0.9290493766027339,22.06577858411894,False,22.06577858411894
GeneticAlgorithm,n14_k4,14,4,0.3700509071350097,True,14.103605710402777,,ok,1.947985156206272,12.155620554196505,624.0099168861093,False,624.0099168861093
GeneticAlgorithm,n17_k4,17,4,0.1607248783111572,True,6.196438927730384,,ok,0.1496206955904142,6.0468182321399695,4041.4317072105455,True,1000.0
GeneticAlgorithm,n5_k5,5,5,0.1010890007019043,True,50.93891267300193,,ok,50.93891267300193,0.0,0.0,False,0.0
GeneticAlgorithm,n8_k5,8,5,0.1469161510467529,True,99.49730620313862,,ok,41.06904893561958,58.428257267519044,142.26834753128082,False,142.26834753128082
GeneticAlgorithm,n11_k5,11,5,0.3021109104156494,True,26.834247755172697,,ok,25.962090293762017,0.87215746141068,3.35934992730626,False,3.35934992730626
GeneticAlgorithm,n14_k5,14,5,0.3158984184265136,True,12.376871668551502,,ok,2.671177659648692,9.70569400890281,363.3488762473135,False,363.3488762473135
GeneticAlgorithm,n17_k5,17,5,0.2702510356903076,True,5.4578300187392585,,ok,1.4822944826902642,3.9755355360489943,268.2014662048574,False,268.2014662048574
TabuSearch,n5_k2,5,2,0.5637266635894775,True,25.82743263402793,,ok,25.82743263402793,0.0,0.0,False,0.0
TabuSearch,n8_k2,8,2,1.0510742664337158,True,0.2180271277064775,,ok,0.1665035573961688,0.051523570310308714,30.94442612281043,False,30.94442612281043
TabuSearch,n11_k2,11,2,1.3144803047180176,True,0.4586786899890285,,ok,0.4586786899890285,0.0,0.0,False,0.0
TabuSearch,n14_k2,14,2,1.5200622081756592,True,0.0529288717662552,,ok,0.0313936674504589,0.0215352043157963,68.59728749366461,False,68.59728749366461
TabuSearch,n17_k2,17,2,1.7485482692718506,True,0.0139236895460612,,ok,0.001797389250953,0.0121263002951082,0.0121263002951082,False,0.0121263002951082
TabuSearch,n20_k2,20,2,1.893260478973389,True,0.0967480466617871,,ok,9.189865994585487e-05,0.09665614800184125,0.09665614800184125,False,0.09665614800184125
TabuSearch,n23_k2,23,2,2.1103553771972656,True,0.0046049393210978,,ok,6.318175337582943e-05,0.0045417575677219706,0.0045417575677219706,False,0.0045417575677219706
TabuSearch,n26_k2,26,2,2.370129108428955,True,0.1943304945313002,,ok,1.2762134133481595e-05,0.1943177323971667,0.1943177323971667,False,0.1943177323971667
TabuSearch,n5_k3,5,3,0.6260638236999512,True,17.592549813177,,ok,17.592549813177,0.0,0.0,False,0.0
TabuSearch,n8_k3,8,3,1.0051698684692385,True,27.92868805567683,,ok,10.553848664097645,17.374839391579187,164.6303632407139,False,164.6303632407139
TabuSearch,n11_k3,11,3,1.558748483657837,True,17.782448468467237,,ok,0.7899792150813596,16.992469253385877,2151.0020680273,True,1000.0
TabuSearch,n14_k3,14,3,1.984666109085083,True,4.892490423570962,,ok,0.6314209524245484,4.261069471146413,674.8381495394848,False,674.8381495394848
TabuSearch,n17_k3,17,3,2.5079684257507324,True,5.48875111448848,,ok,0.0563066707122175,5.432444443776262,9647.958892013701,True,1000.0
TabuSearch,n5_k4,5,4,0.5619401931762695,True,74.46066972322153,,ok,74.46066972322153,0.0,0.0,False,0.0
TabuSearch,n8_k4,8,4,1.2413418292999268,True,15.461411970445,,ok,15.461411970445,0.0,0.0,False,0.0
TabuSearch,n11_k4,11,4,2.079174280166626,True,15.914516608644648,,ok,4.210362997439773,11.704153611204875,277.98443075625323,False,277.98443075625323
TabuSearch,n14_k4,14,4,2.6647536754608154,True,26.75559326647624,,ok,1.947985156206272,24.807608110269967,1273.500880190644,True,1000.0
TabuSearch,n17_k4,17,4,3.3488519191741943,True,6.196438927730384,,ok,0.1496206955904142,6.0468182321399695,4041.4317072105455,True,1000.0
TabuSearch,n5_k5,5,5,0.0003538131713867,True,50.93891267300193,,ok,50.93891267300193,0.0,0.0,False,0.0
TabuSearch,n8_k5,8,5,1.9612689018249512,True,41.06904893561958,,ok,41.06904893561958,0.0,0.0,False,0.0
TabuSearch,n11_k5,11,5,2.3611464500427246,True,39.761678727587885,,ok,25.962090293762017,13.799588433825868,53.15284045962021,False,53.15284045962021
TabuSearch,n14_k5,14,5,3.537797451019287,True,30.75276169990656,,ok,2.671177659648692,28.08158404025787,1051.2810310022996,True,1000.0
TabuSearch,n17_k5,17,5,5.441630840301514,True,6.236942468528184,,ok,1.4822944826902642,4.75464798583792,320.762712224939,False,320.762712224939
