algorithm,problem,n_items,k,execution_time,feasible,objective,error,status
LargestDifferenceFirst,n5_k2,5,2,0.0005981922149658203,True,32.45098900737034,,ok
LargestDifferenceFirst,n8_k2,8,2,0.0004832744598388672,True,43.06532375264956,,ok
LargestDifferenceFirst,n11_k2,11,2,0.00048065185546875,True,29.456844994789577,,ok
LargestDifferenceFirst,n14_k2,14,2,0.0005629062652587891,True,44.05002835739043,,ok
LargestDifferenceFirst,n17_k2,17,2,0.0007054805755615234,True,51.79646729569316,,ok
LargestDifferenceFirst,n20_k2,20,2,0.0009148120880126953,True,38.6188749123836,,ok
LargestDifferenceFirst,n23_k2,23,2,0.001537322998046875,True,45.95092567020674,,ok
LargestDifferenceFirst,n26_k2,26,2,0.002655506134033203,True,46.65765333627007,,ok
LargestDifferenceFirst,n29_k2,29,2,0.003545999526977539,True,39.017740591647794,,ok
LargestDifferenceFirst,n32_k2,32,2,0.003961324691772461,True,48.65285989114477,,ok
LargestDifferenceFirst,n35_k2,35,2,0.008727788925170898,True,59.46480038744744,,ok
LargestDifferenceFirst,n38_k2,38,2,0.010364770889282227,True,34.88586872750807,,ok
LargestDifferenceFirst,n41_k2,41,2,0.009256839752197266,True,53.62366636548404,,ok
LargestDifferenceFirst,n44_k2,44,2,0.008137941360473633,True,40.105795829719,,ok
LargestDifferenceFirst,n47_k2,47,2,0.006638526916503906,True,48.67356163066097,,ok
LargestDifferenceFirst,n50_k2,50,2,0.007699728012084961,True,42.94475240483007,,ok
LargestDifferenceFirst,n5_k3,5,3,0.001062154769897461,True,51.36329435216744,,ok
LargestDifferenceFirst,n8_k3,8,3,0.0005919933319091797,True,69.94722293620202,,ok
LargestDifferenceFirst,n11_k3,11,3,0.0005910396575927734,True,86.92727939444819,,ok
LargestDifferenceFirst,n14_k3,14,3,0.0008521080017089844,True,69.53875804673226,,ok
LargestDifferenceFirst,n17_k3,17,3,0.002675771713256836,True,65.99483652424595,,ok
LargestDifferenceFirst,n20_k3,20,3,0.0027685165405273438,True,73.00486082914392,,ok
LargestDifferenceFirst,n23_k3,23,3,0.0032987594604492188,True,62.99551364772151,,ok
LargestDifferenceFirst,n26_k3,26,3,0.004204988479614258,True,69.87504038075292,,ok
LargestDifferenceFirst,n29_k3,29,3,0.0045261383056640625,True,45.137587483640175,,ok
LargestDifferenceFirst,n32_k3,32,3,0.006648540496826172,True,75.24587274379974,,ok
LargestDifferenceFirst,n35_k3,35,3,0.009761333465576172,True,71.94352659002891,,ok
LargestDifferenceFirst,n38_k3,38,3,0.014020204544067383,True,66.98564974698161,,ok
LargestDifferenceFirst,n41_k3,41,3,0.012272834777832031,True,68.23556265186096,,ok
LargestDifferenceFirst,n44_k3,44,3,0.010068893432617188,True,60.09175683378794,,ok
LargestDifferenceFirst,n47_k3,47,3,0.01717829704284668,True,76.00143152341889,,ok
LargestDifferenceFirst,n50_k3,50,3,0.021701574325561523,True,72.71582002987407,,ok
LargestDifferenceFirst,n5_k4,5,4,0.0009512901306152344,True,108.37878895420754,,ok
LargestDifferenceFirst,n8_k4,8,4,0.0007452964782714844,True,84.4119041507422,,ok
LargestDifferenceFirst,n11_k4,11,4,0.0028183460235595703,True,72.65424127936836,,ok
LargestDifferenceFirst,n14_k4,14,4,0.0021240711212158203,True,89.50764100940728,,ok
LargestDifferenceFirst,n17_k4,17,4,0.0028464794158935547,True,57.28313409741048,,ok
LargestDifferenceFirst,n20_k4,20,4,0.004091501235961914,True,50.590361635232085,,ok
LargestDifferenceFirst,n23_k4,23,4,0.007313966751098633,True,64.46380317861724,,ok
LargestDifferenceFirst,n26_k4,26,4,0.01565098762512207,True,83.87060310965717,,ok
LargestDifferenceFirst,n29_k4,29,4,0.015511274337768555,True,61.43241622091108,,ok
LargestDifferenceFirst,n32_k4,32,4,0.010713338851928711,True,64.83076013967394,,ok
LargestDifferenceFirst,n35_k4,35,4,0.01326751708984375,True,73.1560029472891,,ok
LargestDifferenceFirst,n38_k4,38,4,0.013128995895385742,True,71.0575048767439,,ok
LargestDifferenceFirst,n41_k4,41,4,0.017499685287475586,True,82.18256164705872,,ok
LargestDifferenceFirst,n44_k4,44,4,0.018518924713134766,True,73.16433964087827,,ok
LargestDifferenceFirst,n47_k4,47,4,0.021012067794799805,True,70.54613255091954,,ok
LargestDifferenceFirst,n50_k4,50,4,0.0232083797454834,True,74.73436719488188,,ok
LargestDifferenceFirst,n5_k5,5,5,0.0006055831909179688,True,50.93891267300193,,ok
LargestDifferenceFirst,n8_k5,8,5,0.0009026527404785156,True,131.80331365421645,,ok
LargestDifferenceFirst,n11_k5,11,5,0.0018393993377685547,True,91.50414326405979,,ok
LargestDifferenceFirst,n14_k5,14,5,0.003267049789428711,True,88.60767882927516,,ok
LargestDifferenceFirst,n17_k5,17,5,0.0037965774536132812,True,122.777858397034,,ok
LargestDifferenceFirst,n20_k5,20,5,0.0041201114654541016,True,63.786276061125875,,ok
LargestDifferenceFirst,n23_k5,23,5,0.006547451019287109,True,66.8162847044456,,ok
LargestDifferenceFirst,n26_k5,26,5,0.009366512298583984,True,77.43072409876459,,ok
LargestDifferenceFirst,n29_k5,29,5,0.017407894134521484,True,76.95795157625503,,ok
LargestDifferenceFirst,n32_k5,32,5,0.01326894760131836,True,79.93231738538981,,ok
LargestDifferenceFirst,n35_k5,35,5,0.014913558959960938,True,88.2494302417117,,ok
LargestDifferenceFirst,n38_k5,38,5,0.019369125366210938,True,82.97026379242601,,ok
LargestDifferenceFirst,n41_k5,41,5,0.023941993713378906,True,70.72916198100393,,ok
LargestDifferenceFirst,n44_k5,44,5,0.025457143783569336,True,79.68429639900029,,ok
LargestDifferenceFirst,n47_k5,47,5,0.028586149215698242,True,71.11926731180228,,ok
LargestDifferenceFirst,n50_k5,50,5,0.031108617782592773,True,68.3463566048373,,ok
BruteForce,n5_k2,5,2,0.0005774497985839844,True,25.82743263402793,,ok
BruteForce,n8_k2,8,2,0.0013799667358398438,True,0.16650355739616884,,ok
BruteForce,n11_k2,11,2,0.008902549743652344,True,0.4586786899890285,,ok
BruteForce,n14_k2,14,2,0.0771024227142334,True,0.031393667450458906,,ok
BruteForce,n17_k2,17,2,60.0,False,inf,Exception: Brute Force requires n ≤ 14. Instance has n=17. Use Branch and Bound or heuristics instead.,error
BruteForce,n20_k2,20,2,60.0,False,inf,Exception: Brute Force requires n ≤ 14. Instance has n=20. Use Branch and Bound or heuristics instead.,error
BruteForce,n23_k2,23,2,60.0,False,inf,Exception: Brute Force requires n ≤ 14. Instance has n=23. Use Branch and Bound or heuristics instead.,error
BruteForce,n26_k2,26,2,60.0,False,inf,Exception: Brute Force requires n ≤ 14. Instance has n=26. Use Branch and Bound or heuristics instead.,error
BruteForce,n29_k2,29,2,60.0,False,inf,Exception: Brute Force requires n ≤ 14. Instance has n=29. Use Branch and Bound or heuristics instead.,error
BruteForce,n32_k2,32,2,60.0,False,inf,Exception: Brute Force requires n ≤ 14. Instance has n=32. Use Branch and Bound or heuristics instead.,error
BruteForce,n35_k2,35,2,60.0,False,inf,Exception: Brute Force requires n ≤ 14. Instance has n=35. Use Branch and Bound or heuristics instead.,error
BruteForce,n38_k2,38,2,60.0,False,inf,Exception: Brute Force requires n ≤ 14. Instance has n=38. Use Branch and Bound or heuristics instead.,error
BruteForce,n41_k2,41,2,60.0,False,inf,Exception: Brute Force requires n ≤ 14. Instance has n=41. Use Branch and Bound or heuristics instead.,error
BruteForce,n44_k2,44,2,60.0,False,inf,Exception: Brute Force requires n ≤ 14. Instance has n=44. Use Branch and Bound or heuristics instead.,error
BruteForce,n47_k2,47,2,60.0,False,inf,Exception: Brute Force requires n ≤ 14. Instance has n=47. Use Branch and Bound or heuristics instead.,error
BruteForce,n50_k2,50,2,60.0,False,inf,Exception: Brute Force requires n ≤ 14. Instance has n=50. Use Branch and Bound or heuristics instead.,error
BruteForce,n5_k3,5,3,0.0032253265380859375,True,17.592549813177,,ok
BruteForce,n8_k3,8,3,0.020789623260498047,True,10.553848664097643,,ok
BruteForce,n11_k3,11,3,0.42490720748901367,True,0.7899792150813596,,ok
BruteForce,n14_k3,14,3,10.53112006187439,True,0.6314209524245484,,ok
BruteForce,n17_k3,17,3,60.0,False,inf,Exception: Brute Force requires n ≤ 14. Instance has n=17. Use Branch and Bound or heuristics instead.,error
BruteForce,n20_k3,20,3,60.0,False,inf,Exception: Brute Force requires n ≤ 14. Instance has n=20. Use Branch and Bound or heuristics instead.,error
BruteForce,n23_k3,23,3,60.0,False,inf,Exception: Brute Force requires n ≤ 14. Instance has n=23. Use Branch and Bound or heuristics instead.,error
BruteForce,n26_k3,26,3,60.0,False,inf,Exception: Brute Force requires n ≤ 14. Instance has n=26. Use Branch and Bound or heuristics instead.,error
BruteForce,n29_k3,29,3,60.0,False,inf,Exception: Brute Force requires n ≤ 14. Instance has n=29. Use Branch and Bound or heuristics instead.,error
BruteForce,n32_k3,32,3,60.0,False,inf,Exception: Brute Force requires n ≤ 14. Instance has n=32. Use Branch and Bound or heuristics instead.,error
BruteForce,n35_k3,35,3,60.0,False,inf,Exception: Brute Force requires n ≤ 14. Instance has n=35. Use Branch and Bound or heuristics instead.,error
BruteForce,n38_k3,38,3,60.0,False,inf,Exception: Brute Force requires n ≤ 14. Instance has n=38. Use Branch and Bound or heuristics instead.,error
BruteForce,n41_k3,41,3,60.0,False,inf,Exception: Brute Force requires n ≤ 14. Instance has n=41. Use Branch and Bound or heuristics instead.,error
BruteForce,n44_k3,44,3,60.0,False,inf,Exception: Brute Force requires n ≤ 14. Instance has n=44. Use Branch and Bound or heuristics instead.,error
BruteForce,n47_k3,47,3,60.0,False,inf,Exception: Brute Force requires n ≤ 14. Instance has n=47. Use Branch and Bound or heuristics instead.,error
BruteForce,n50_k3,50,3,60.0,False,inf,Exception: Brute Force requires n ≤ 14. Instance has n=50. Use Branch and Bound or heuristics instead.,error
BruteForce,n5_k4,5,4,0.0029325485229492188,True,74.46066972322153,,ok
BruteForce,n8_k4,8,4,0.22147536277770996,True,15.461411970444999,,ok
BruteForce,n11_k4,11,4,7.760770082473755,True,4.210362997439773,,ok
BruteForce,n14_k4,14,4,60.0,False,inf,Timeout exceeded,error
BruteForce,n5_k5,5,5,0.007887125015258789,True,50.93891267300193,,ok
BruteForce,n8_k5,8,5,0.7694652080535889,True,99.49730620313862,,ok
BruteForce,n11_k5,11,5,60.0,False,inf,Timeout exceeded,error
DynamicProgramming,n5_k2,5,2,0.0004754066467285156,True,25.82743263402793,,ok
DynamicProgramming,n8_k2,8,2,0.004809856414794922,True,0.16650355739616884,,ok
DynamicProgramming,n11_k2,11,2,0.1923084259033203,True,0.4586786899890285,,ok
DynamicProgramming,n14_k2,14,2,3.31563138961792,True,0.031393667450458906,,ok
DynamicProgramming,n17_k2,17,2,60.0,False,inf,Timeout exceeded,error
DynamicProgramming,n5_k3,5,3,0.0016124248504638672,True,17.592549813177,,ok
DynamicProgramming,n8_k3,8,3,0.008712053298950195,True,10.553848664097643,,ok
DynamicProgramming,n11_k3,11,3,0.30482959747314453,True,0.7899792150813596,,ok
DynamicProgramming,n14_k3,14,3,5.888306379318237,True,0.6314209524245484,,ok
DynamicProgramming,n5_k4,5,4,0.0006511211395263672,True,74.46066972322153,,ok
DynamicProgramming,n8_k4,8,4,0.009232521057128906,True,15.461411970444999,,ok
DynamicProgramming,n11_k4,11,4,0.31797170639038086,True,4.210362997439773,,ok
DynamicProgramming,n14_k4,14,4,7.327614784240723,True,1.947985156206272,,ok
DynamicProgramming,n5_k5,5,5,0.0006735324859619141,True,50.93891267300193,,ok
DynamicProgramming,n8_k5,8,5,0.013457775115966797,True,99.49730620313862,,ok
DynamicProgramming,n11_k5,11,5,0.3925020694732666,True,25.962090293762017,,ok
DynamicProgramming,n14_k5,14,5,6.599390268325806,True,2.6711776596486914,,ok
BranchAndBound,n5_k2,5,2,0.000553131103515625,True,25.82743263402793,,ok
BranchAndBound,n8_k2,8,2,0.0005979537963867188,True,0.16650355739616884,,ok
BranchAndBound,n11_k2,11,2,0.002045869827270508,True,0.4586786899890285,,ok
BranchAndBound,n14_k2,14,2,0.028018712997436523,True,0.031393667450458906,,ok
BranchAndBound,n17_k2,17,2,0.16092205047607422,True,0.0017973892509530742,,ok
BranchAndBound,n20_k2,20,2,0.25955796241760254,True,9.189865994585489e-05,,ok
BranchAndBound,n23_k2,23,2,6.271475791931152,True,6.318175337582943e-05,,ok
BranchAndBound,n26_k2,26,2,19.869606733322144,True,1.2762134133481595e-05,,ok
BranchAndBound,n29_k2,29,2,60.0,False,inf,Timeout exceeded,error
BranchAndBound,n5_k3,5,3,0.0005619525909423828,True,17.592549813177,,ok
BranchAndBound,n8_k3,8,3,0.0029985904693603516,True,10.553848664097643,,ok
BranchAndBound,n11_k3,11,3,0.08666729927062988,True,0.7899792150813596,,ok
BranchAndBound,n14_k3,14,3,0.4637796878814697,True,0.6314209524245484,,ok
BranchAndBound,n17_k3,17,3,3.2444262504577637,True,0.05630667071221751,,ok
BranchAndBound,n20_k3,20,3,60.0,False,inf,Timeout exceeded,error
BranchAndBound,n5_k4,5,4,0.0048792362213134766,True,74.46066972322153,,ok
BranchAndBound,n8_k4,8,4,0.006847858428955078,True,15.461411970444999,,ok
BranchAndBound,n11_k4,11,4,0.13565731048583984,True,4.210362997439773,,ok
BranchAndBound,n14_k4,14,4,4.003404855728149,True,1.947985156206272,,ok
BranchAndBound,n17_k4,17,4,44.50268316268921,True,0.14962069559041424,,ok
BranchAndBound,n5_k5,5,5,0.0021398067474365234,True,50.93891267300193,,ok
BranchAndBound,n8_k5,8,5,0.024463415145874023,True,41.06904893561958,,ok
BranchAndBound,n11_k5,11,5,0.2736694812774658,True,25.962090293762017,,ok
BranchAndBound,n14_k5,14,5,18.57666254043579,True,2.6711776596486914,,ok
BranchAndBound,n17_k5,17,5,51.55513381958008,True,1.4822944826902642,,ok
FirstFitDecreasing,n5_k2,5,2,0.00030684471130371094,True,25.82743263402793,,ok
FirstFitDecreasing,n8_k2,8,2,0.00026535987854003906,True,0.21802712770647759,,ok
FirstFitDecreasing,n11_k2,11,2,0.00019788742065429688,True,1.8966405469242602,,ok
FirstFitDecreasing,n14_k2,14,2,0.00022530555725097656,True,13.413278367295561,,ok
FirstFitDecreasing,n17_k2,17,2,0.0002760887145996094,True,3.8696857503899764,,ok
FirstFitDecreasing,n20_k2,20,2,0.0005431175231933594,True,1.5197448578707622,,ok
FirstFitDecreasing,n23_k2,23,2,0.0004203319549560547,True,5.069965765517736,,ok
FirstFitDecreasing,n26_k2,26,2,0.0005850791931152344,True,0.21239409327904468,,ok
FirstFitDecreasing,n29_k2,29,2,0.0007777214050292969,True,0.2795117563697431,,ok
FirstFitDecreasing,n32_k2,32,2,0.0008521080017089844,True,0.8297358463144064,,ok
FirstFitDecreasing,n35_k2,35,2,0.001749277114868164,True,0.9872476008602007,,ok
FirstFitDecreasing,n38_k2,38,2,0.0010864734649658203,True,1.1794871283309476,,ok
FirstFitDecreasing,n41_k2,41,2,0.0013110637664794922,True,2.3043461529184697,,ok
FirstFitDecreasing,n44_k2,44,2,0.001434326171875,True,0.01141395078889218,,ok
FirstFitDecreasing,n47_k2,47,2,0.001096963882446289,True,0.436823346292158,,ok
FirstFitDecreasing,n50_k2,50,2,0.0016949176788330078,True,0.2222629438565491,,ok
FirstFitDecreasing,n5_k3,5,3,0.0006022453308105469,True,17.592549813177,,ok
FirstFitDecreasing,n8_k3,8,3,0.00028777122497558594,True,27.92868805567683,,ok
FirstFitDecreasing,n11_k3,11,3,0.00025343894958496094,True,17.782448468467237,,ok
FirstFitDecreasing,n14_k3,14,3,0.0003151893615722656,True,4.892490423570962,,ok
FirstFitDecreasing,n17_k3,17,3,0.00033283233642578125,True,5.48875111448848,,ok
FirstFitDecreasing,n20_k3,20,3,0.0003864765167236328,True,17.102335264470526,,ok
FirstFitDecreasing,n23_k3,23,3,0.0005807876586914062,True,7.658718964414504,,ok
FirstFitDecreasing,n26_k3,26,3,0.0007970333099365234,True,4.39407724285735,,ok
FirstFitDecreasing,n29_k3,29,3,0.0012464523315429688,True,8.207296658536222,,ok
FirstFitDecreasing,n32_k3,32,3,0.0009305477142333984,True,3.9495935703322402,,ok
FirstFitDecreasing,n35_k3,35,3,0.0008246898651123047,True,2.4344057350497224,,ok
FirstFitDecreasing,n38_k3,38,3,0.0008437633514404297,True,3.134066408129115,,ok
FirstFitDecreasing,n41_k3,41,3,0.002387523651123047,True,3.0666452980597114,,ok
FirstFitDecreasing,n44_k3,44,3,0.0011487007141113281,True,1.8736575345351412,,ok
FirstFitDecreasing,n47_k3,47,3,0.0010442733764648438,True,1.3024377009455748,,ok
FirstFitDecreasing,n50_k3,50,3,0.0012238025665283203,True,1.0830480777918865,,ok
FirstFitDecreasing,n5_k4,5,4,0.0008625984191894531,True,74.46066972322153,,ok
FirstFitDecreasing,n8_k4,8,4,0.0008146762847900391,True,15.461411970444999,,ok
FirstFitDecreasing,n11_k4,11,4,0.0005125999450683594,True,15.914516608644647,,ok
FirstFitDecreasing,n14_k4,14,4,0.0011014938354492188,True,26.75559326647624,,ok
FirstFitDecreasing,n17_k4,17,4,0.0006537437438964844,True,6.196438927730384,,ok
FirstFitDecreasing,n20_k4,20,4,0.0006604194641113281,True,12.074305932733466,,ok
FirstFitDecreasing,n23_k4,23,4,0.0007386207580566406,True,11.273098679567795,,ok
FirstFitDecreasing,n26_k4,26,4,0.0006515979766845703,True,4.944180485004551,,ok
FirstFitDecreasing,n29_k4,29,4,0.0008232593536376953,True,4.2168882472766995,,ok
FirstFitDecreasing,n32_k4,32,4,0.0009288787841796875,True,2.480054457710935,,ok
FirstFitDecreasing,n35_k4,35,4,0.0014865398406982422,True,5.41773323129496,,ok
FirstFitDecreasing,n38_k4,38,4,0.0015130043029785156,True,4.827726176053204,,ok
FirstFitDecreasing,n41_k4,41,4,0.0013210773468017578,True,6.1547675380739975,,ok
FirstFitDecreasing,n44_k4,44,4,0.0015895366668701172,True,1.0741361039950448,,ok
FirstFitDecreasing,n47_k4,47,4,0.0009958744049072266,True,5.548110310847505,,ok
FirstFitDecreasing,n50_k4,50,4,0.0013477802276611328,True,5.068043980584093,,ok
FirstFitDecreasing,n5_k5,5,5,0.0003910064697265625,True,50.93891267300193,,ok
FirstFitDecreasing,n8_k5,8,5,0.0004451274871826172,True,41.06904893561958,,ok
FirstFitDecreasing,n11_k5,11,5,0.0005023479461669922,True,28.641123844119434,,ok
FirstFitDecreasing,n14_k5,14,5,0.0005764961242675781,True,30.752761699906557,,ok
FirstFitDecreasing,n17_k5,17,5,0.0010819435119628906,True,6.236942468528184,,ok
FirstFitDecreasing,n20_k5,20,5,0.0006158351898193359,True,18.087079990252988,,ok
FirstFitDecreasing,n23_k5,23,5,0.0008723735809326172,True,18.168000040426705,,ok
FirstFitDecreasing,n26_k5,26,5,0.0010645389556884766,True,7.086269004334071,,ok
FirstFitDecreasing,n29_k5,29,5,0.0008223056793212891,True,6.767479937100347,,ok
FirstFitDecreasing,n32_k5,32,5,0.0009479522705078125,True,13.849731887408211,,ok
FirstFitDecreasing,n35_k5,35,5,0.0007140636444091797,True,8.654917951930656,,ok
FirstFitDecreasing,n38_k5,38,5,0.001787424087524414,True,7.966545634465717,,ok
FirstFitDecreasing,n41_k5,41,5,0.0011827945709228516,True,2.8669473757312858,,ok
FirstFitDecreasing,n44_k5,44,5,0.0011909008026123047,True,7.261969644873034,,ok
FirstFitDecreasing,n47_k5,47,5,0.0008330345153808594,True,4.622145309329483,,ok
FirstFitDecreasing,n50_k5,50,5,0.0014061927795410156,True,5.715284745856366,,ok
BestFitDecreasing,n5_k2,5,2,0.0006952285766601562,True,25.82743263402793,,ok
BestFitDecreasing,n8_k2,8,2,0.0005440711975097656,True,0.21802712770647759,,ok
BestFitDecreasing,n11_k2,11,2,0.00038123130798339844,True,1.8966405469242602,,ok
BestFitDecreasing,n14_k2,14,2,0.0004899501800537109,True,13.413278367295561,,ok
BestFitDecreasing,n17_k2,17,2,0.0003476142883300781,True,3.8696857503899764,,ok
BestFitDecreasing,n20_k2,20,2,0.00041413307189941406,True,1.5197448578707622,,ok
BestFitDecreasing,n23_k2,23,2,0.000446319580078125,True,5.069965765517736,,ok
BestFitDecreasing,n26_k2,26,2,0.0004444122314453125,True,0.21239409327904468,,ok
BestFitDecreasing,n29_k2,29,2,0.0004665851593017578,True,0.2795117563697431,,ok
BestFitDecreasing,n32_k2,32,2,0.0005409717559814453,True,0.8297358463144064,,ok
BestFitDecreasing,n35_k2,35,2,0.0006430149078369141,True,0.9872476008602007,,ok
BestFitDecreasing,n38_k2,38,2,0.001064300537109375,True,1.1794871283309476,,ok
BestFitDecreasing,n41_k2,41,2,0.0008928775787353516,True,2.3043461529184697,,ok
BestFitDecreasing,n44_k2,44,2,0.001173257827758789,True,0.01141395078889218,,ok
BestFitDecreasing,n47_k2,47,2,0.0013988018035888672,True,0.436823346292158,,ok
BestFitDecreasing,n50_k2,50,2,0.0014333724975585938,True,0.2222629438565491,,ok
BestFitDecreasing,n5_k3,5,3,0.00045013427734375,True,17.592549813177,,ok
BestFitDecreasing,n8_k3,8,3,0.001539468765258789,True,27.92868805567683,,ok
BestFitDecreasing,n11_k3,11,3,0.0004978179931640625,True,17.782448468467237,,ok
BestFitDecreasing,n14_k3,14,3,0.0004787445068359375,True,4.892490423570962,,ok
BestFitDecreasing,n17_k3,17,3,0.0005037784576416016,True,5.48875111448848,,ok
BestFitDecreasing,n20_k3,20,3,0.0016858577728271484,True,17.102335264470526,,ok
BestFitDecreasing,n23_k3,23,3,0.0006310939788818359,True,7.658718964414504,,ok
BestFitDecreasing,n26_k3,26,3,0.0006039142608642578,True,4.39407724285735,,ok
BestFitDecreasing,n29_k3,29,3,0.0009284019470214844,True,8.207296658536222,,ok
BestFitDecreasing,n32_k3,32,3,0.0010306835174560547,True,3.9495935703322402,,ok
BestFitDecreasing,n35_k3,35,3,0.0012645721435546875,True,2.4344057350497224,,ok
BestFitDecreasing,n38_k3,38,3,0.0021181106567382812,True,3.134066408129115,,ok
BestFitDecreasing,n41_k3,41,3,0.0009927749633789062,True,3.0666452980597114,,ok
BestFitDecreasing,n44_k3,44,3,0.0008816719055175781,True,1.8736575345351412,,ok
BestFitDecreasing,n47_k3,47,3,0.0010352134704589844,True,1.3024377009455748,,ok
BestFitDecreasing,n50_k3,50,3,0.0011098384857177734,True,1.0830480777918865,,ok
BestFitDecreasing,n5_k4,5,4,0.0002665519714355469,True,77.04982554474634,,ok
BestFitDecreasing,n8_k4,8,4,0.00027871131896972656,True,15.461411970444999,,ok
BestFitDecreasing,n11_k4,11,4,0.0003249645233154297,True,15.914516608644647,,ok
BestFitDecreasing,n14_k4,14,4,0.00039649009704589844,True,26.75559326647624,,ok
BestFitDecreasing,n17_k4,17,4,0.000553131103515625,True,6.196438927730384,,ok
BestFitDecreasing,n20_k4,20,4,0.0010249614715576172,True,12.074305932733466,,ok
BestFitDecreasing,n23_k4,23,4,0.0017867088317871094,True,11.273098679567795,,ok
BestFitDecreasing,n26_k4,26,4,0.0008845329284667969,True,4.944180485004551,,ok
BestFitDecreasing,n29_k4,29,4,0.0010755062103271484,True,4.2168882472766995,,ok
BestFitDecreasing,n32_k4,32,4,0.0009093284606933594,True,2.480054457710935,,ok
BestFitDecreasing,n35_k4,35,4,0.0013298988342285156,True,5.41773323129496,,ok
BestFitDecreasing,n38_k4,38,4,0.0008578300476074219,True,4.827726176053204,,ok
BestFitDecreasing,n41_k4,41,4,0.0008649826049804688,True,6.1547675380739975,,ok
BestFitDecreasing,n44_k4,44,4,0.0012066364288330078,True,1.0741361039950448,,ok
BestFitDecreasing,n47_k4,47,4,0.001323699951171875,True,5.548110310847505,,ok
BestFitDecreasing,n50_k4,50,4,0.0017158985137939453,True,5.068043980584093,,ok
BestFitDecreasing,n5_k5,5,5,0.0004868507385253906,True,50.93891267300193,,ok
BestFitDecreasing,n8_k5,8,5,0.0007038116455078125,True,41.06904893561958,,ok
BestFitDecreasing,n11_k5,11,5,0.00042748451232910156,True,39.761678727587885,,ok
BestFitDecreasing,n14_k5,14,5,0.0007905960083007812,True,30.752761699906557,,ok
BestFitDecreasing,n17_k5,17,5,0.0009045600891113281,True,6.236942468528184,,ok
BestFitDecreasing,n20_k5,20,5,0.0006039142608642578,True,18.087079990252988,,ok
BestFitDecreasing,n23_k5,23,5,0.0009188652038574219,True,18.168000040426705,,ok
BestFitDecreasing,n26_k5,26,5,0.0008237361907958984,True,7.086269004334071,,ok
BestFitDecreasing,n29_k5,29,5,0.0011439323425292969,True,6.767479937100347,,ok
BestFitDecreasing,n32_k5,32,5,0.0009050369262695312,True,13.849731887408211,,ok
BestFitDecreasing,n35_k5,35,5,0.0010178089141845703,True,8.654917951930656,,ok
BestFitDecreasing,n38_k5,38,5,0.0014100074768066406,True,7.966545634465717,,ok
BestFitDecreasing,n41_k5,41,5,0.0027451515197753906,True,2.8669473757312858,,ok
BestFitDecreasing,n44_k5,44,5,0.001474618911743164,True,7.261969644873034,,ok
BestFitDecreasing,n47_k5,47,5,0.001352548599243164,True,4.622145309329483,,ok
BestFitDecreasing,n50_k5,50,5,0.0013797283172607422,True,5.715284745856366,,ok
WorstFitDecreasing,n5_k2,5,2,0.0002238750457763672,True,32.45098900737034,,ok
WorstFitDecreasing,n8_k2,8,2,0.0003707408905029297,True,48.01451727117555,,ok
WorstFitDecreasing,n11_k2,11,2,0.00027489662170410156,True,9.605747780252159,,ok
WorstFitDecreasing,n14_k2,14,2,0.0002815723419189453,True,23.832657223388765,,ok
WorstFitDecreasing,n17_k2,17,2,0.0003237724304199219,True,27.32406687479471,,ok
WorstFitDecreasing,n20_k2,20,2,0.0003223419189453125,True,17.314583483003844,,ok
WorstFitDecreasing,n23_k2,23,2,0.0010950565338134766,True,417.43315187936446,,ok
WorstFitDecreasing,n26_k2,26,2,0.0005981922149658203,True,117.38928640223094,,ok
WorstFitDecreasing,n29_k2,29,2,0.0005130767822265625,True,251.88217954395952,,ok
WorstFitDecreasing,n32_k2,32,2,0.0004734992980957031,True,198.28686254417926,,ok
WorstFitDecreasing,n35_k2,35,2,0.0005154609680175781,True,204.68219943684858,,ok
WorstFitDecreasing,n38_k2,38,2,0.0005452632904052734,True,410.12037344413545,,ok
WorstFitDecreasing,n41_k2,41,2,0.0008261203765869141,True,83.70137713558097,,ok
WorstFitDecreasing,n44_k2,44,2,0.0008752346038818359,True,4.5668010939142505,,ok
WorstFitDecreasing,n47_k2,47,2,0.0009720325469970703,True,282.4469294630219,,ok
WorstFitDecreasing,n50_k2,50,2,0.0007121562957763672,True,68.21021191717637,,ok
WorstFitDecreasing,n5_k3,5,3,0.00021457672119140625,True,51.36329435216744,,ok
WorstFitDecreasing,n8_k3,8,3,0.0004918575286865234,True,132.14029828557398,,ok
WorstFitDecreasing,n11_k3,11,3,0.00041604042053222656,True,114.20747521373173,,ok
WorstFitDecreasing,n14_k3,14,3,0.0005033016204833984,True,9.685600305664309,,ok
WorstFitDecreasing,n17_k3,17,3,0.000553131103515625,True,143.06722233547484,,ok
WorstFitDecreasing,n20_k3,20,3,0.00041103363037109375,True,285.87585982148437,,ok
WorstFitDecreasing,n23_k3,23,3,0.0003745555877685547,True,206.93034666472374,,ok
WorstFitDecreasing,n26_k3,26,3,0.0003657341003417969,True,94.8092887738199,,ok
WorstFitDecreasing,n29_k3,29,3,0.00038695335388183594,True,275.3399730573158,,ok
WorstFitDecreasing,n32_k3,32,3,0.000583648681640625,True,46.63235366748279,,ok
WorstFitDecreasing,n35_k3,35,3,0.0007627010345458984,True,118.70284457657624,,ok
WorstFitDecreasing,n38_k3,38,3,0.0010790824890136719,True,258.7409681235721,,ok
WorstFitDecreasing,n41_k3,41,3,0.0010104179382324219,True,27.783952590750914,,ok
WorstFitDecreasing,n44_k3,44,3,0.0010437965393066406,True,126.17312080692477,,ok
WorstFitDecreasing,n47_k3,47,3,0.0010581016540527344,True,275.48943197661754,,ok
WorstFitDecreasing,n50_k3,50,3,0.001188039779663086,True,334.2344184561888,,ok
WorstFitDecreasing,n5_k4,5,4,0.00034546852111816406,True,74.46066972322153,,ok
WorstFitDecreasing,n8_k4,8,4,0.0003941059112548828,True,56.62692017863779,,ok
WorstFitDecreasing,n11_k4,11,4,0.00042366981506347656,True,42.663987162949866,,ok
WorstFitDecreasing,n14_k4,14,4,0.000438690185546875,True,88.0277768495506,,ok
WorstFitDecreasing,n17_k4,17,4,0.0005183219909667969,True,165.42584560067232,,ok
WorstFitDecreasing,n20_k4,20,4,0.0007236003875732422,True,137.8024168386821,,ok
WorstFitDecreasing,n23_k4,23,4,0.0006959438323974609,True,29.933642768881157,,ok
WorstFitDecreasing,n26_k4,26,4,0.0007703304290771484,True,95.1101508117062,,ok
WorstFitDecreasing,n29_k4,29,4,0.0008840560913085938,True,178.41036494773954,,ok
WorstFitDecreasing,n32_k4,32,4,0.0008575916290283203,True,204.40650494634104,,ok
WorstFitDecreasing,n35_k4,35,4,0.0009028911590576172,True,89.49398172154298,,ok
WorstFitDecreasing,n38_k4,38,4,0.0009775161743164062,True,177.77290471203008,,ok
WorstFitDecreasing,n41_k4,41,4,0.0010232925415039062,True,179.23723603436724,,ok
WorstFitDecreasing,n44_k4,44,4,0.0011701583862304688,True,119.25313370629522,,ok
WorstFitDecreasing,n47_k4,47,4,0.0010898113250732422,True,213.16431985878216,,ok
WorstFitDecreasing,n50_k4,50,4,0.0014522075653076172,True,273.62632027839925,,ok
WorstFitDecreasing,n5_k5,5,5,0.00036787986755371094,True,50.93891267300193,,ok
WorstFitDecreasing,n8_k5,8,5,0.0003635883331298828,True,74.38660512210953,,ok
WorstFitDecreasing,n11_k5,11,5,0.00046133995056152344,True,94.37180528425168,,ok
WorstFitDecreasing,n14_k5,14,5,0.0004951953887939453,True,65.4624075036879,,ok
WorstFitDecreasing,n17_k5,17,5,0.0005283355712890625,True,37.980011159538606,,ok
WorstFitDecreasing,n20_k5,20,5,0.0005481243133544922,True,115.41301660547029,,ok
WorstFitDecreasing,n23_k5,23,5,0.0006513595581054688,True,75.38277378472984,,ok
WorstFitDecreasing,n26_k5,26,5,0.0007228851318359375,True,118.9647041799065,,ok
WorstFitDecreasing,n29_k5,29,5,0.0007908344268798828,True,141.95446429488237,,ok
WorstFitDecreasing,n32_k5,32,5,0.0010137557983398438,True,184.79802258620668,,ok
WorstFitDecreasing,n35_k5,35,5,0.0025696754455566406,True,90.92369193928715,,ok
WorstFitDecreasing,n38_k5,38,5,0.0030617713928222656,True,210.3514943355214,,ok
WorstFitDecreasing,n41_k5,41,5,0.0034296512603759766,True,151.12010732166704,,ok
WorstFitDecreasing,n44_k5,44,5,0.004673004150390625,True,238.97778299877007,,ok
WorstFitDecreasing,n47_k5,47,5,0.0026204586029052734,True,191.42240668299684,,ok
WorstFitDecreasing,n50_k5,50,5,0.006928443908691406,True,209.44935669048164,,ok
RoundRobinGreedy,n5_k2,5,2,0.0028121471405029297,True,25.82743263402793,,ok
RoundRobinGreedy,n8_k2,8,2,0.0008111000061035156,True,0.21802712770647759,,ok
RoundRobinGreedy,n11_k2,11,2,0.0006620883941650391,True,1.8966405469242602,,ok
RoundRobinGreedy,n14_k2,14,2,0.0023055076599121094,True,13.413278367295561,,ok
RoundRobinGreedy,n17_k2,17,2,0.0028443336486816406,True,3.8696857503899764,,ok
RoundRobinGreedy,n20_k2,20,2,0.0014696121215820312,True,1.5197448578707622,,ok
RoundRobinGreedy,n23_k2,23,2,0.003506183624267578,True,5.069965765517736,,ok
RoundRobinGreedy,n26_k2,26,2,0.0017809867858886719,True,0.21239409327904468,,ok
RoundRobinGreedy,n29_k2,29,2,0.002069234848022461,True,0.2795117563697431,,ok
RoundRobinGreedy,n32_k2,32,2,0.0015673637390136719,True,0.8297358463144064,,ok
RoundRobinGreedy,n35_k2,35,2,0.0014541149139404297,True,0.9872476008602007,,ok
RoundRobinGreedy,n38_k2,38,2,0.0020220279693603516,True,1.1794871283309476,,ok
RoundRobinGreedy,n41_k2,41,2,0.0037276744842529297,True,2.3043461529184697,,ok
RoundRobinGreedy,n44_k2,44,2,0.002295255661010742,True,0.01141395078889218,,ok
RoundRobinGreedy,n47_k2,47,2,0.0028181076049804688,True,0.436823346292158,,ok
RoundRobinGreedy,n50_k2,50,2,0.0037453174591064453,True,0.2222629438565491,,ok
RoundRobinGreedy,n5_k3,5,3,0.0004100799560546875,True,17.592549813177,,ok
RoundRobinGreedy,n8_k3,8,3,0.003223419189453125,True,27.92868805567683,,ok
RoundRobinGreedy,n11_k3,11,3,0.0009877681732177734,True,17.782448468467237,,ok
RoundRobinGreedy,n14_k3,14,3,0.002499818801879883,True,4.892490423570962,,ok
RoundRobinGreedy,n17_k3,17,3,0.0010952949523925781,True,5.48875111448848,,ok
RoundRobinGreedy,n20_k3,20,3,0.0015096664428710938,True,17.102335264470526,,ok
RoundRobinGreedy,n23_k3,23,3,0.000972747802734375,True,7.658718964414504,,ok
RoundRobinGreedy,n26_k3,26,3,0.0018296241760253906,True,4.39407724285735,,ok
RoundRobinGreedy,n29_k3,29,3,0.0029261112213134766,True,8.207296658536222,,ok
RoundRobinGreedy,n32_k3,32,3,0.0018486976623535156,True,3.9495935703322402,,ok
RoundRobinGreedy,n35_k3,35,3,0.003565073013305664,True,2.4344057350497224,,ok
RoundRobinGreedy,n38_k3,38,3,0.003618001937866211,True,3.134066408129115,,ok
RoundRobinGreedy,n41_k3,41,3,0.001714944839477539,True,3.0666452980597114,,ok
RoundRobinGreedy,n44_k3,44,3,0.0024995803833007812,True,1.8736575345351412,,ok
RoundRobinGreedy,n47_k3,47,3,0.001237630844116211,True,1.3024377009455748,,ok
RoundRobinGreedy,n50_k3,50,3,0.004594087600708008,True,1.0830480777918865,,ok
RoundRobinGreedy,n5_k4,5,4,0.001728057861328125,True,74.46066972322153,,ok
RoundRobinGreedy,n8_k4,8,4,0.0077936649322509766,True,15.461411970444999,,ok
RoundRobinGreedy,n11_k4,11,4,0.002267122268676758,True,15.914516608644647,,ok
RoundRobinGreedy,n14_k4,14,4,0.002830982208251953,True,26.75559326647624,,ok
RoundRobinGreedy,n17_k4,17,4,0.0016148090362548828,True,6.196438927730384,,ok
RoundRobinGreedy,n20_k4,20,4,0.0016477108001708984,True,12.074305932733466,,ok
RoundRobinGreedy,n23_k4,23,4,0.003039121627807617,True,11.273098679567795,,ok
RoundRobinGreedy,n26_k4,26,4,0.0025680065155029297,True,4.944180485004551,,ok
RoundRobinGreedy,n29_k4,29,4,0.0017299652099609375,True,4.2168882472766995,,ok
RoundRobinGreedy,n32_k4,32,4,0.004814863204956055,True,2.480054457710935,,ok
RoundRobinGreedy,n35_k4,35,4,0.0020058155059814453,True,5.41773323129496,,ok
RoundRobinGreedy,n38_k4,38,4,0.002567291259765625,True,4.827726176053204,,ok
RoundRobinGreedy,n41_k4,41,4,0.0017383098602294922,True,6.1547675380739975,,ok
RoundRobinGreedy,n44_k4,44,4,0.0044667720794677734,True,1.0741361039950448,,ok
RoundRobinGreedy,n47_k4,47,4,0.004079103469848633,True,5.548110310847505,,ok
RoundRobinGreedy,n50_k4,50,4,0.0025243759155273438,True,5.068043980584093,,ok
RoundRobinGreedy,n5_k5,5,5,0.0009515285491943359,True,50.93891267300193,,ok
RoundRobinGreedy,n8_k5,8,5,0.002565145492553711,True,41.06904893561958,,ok
RoundRobinGreedy,n11_k5,11,5,0.0016710758209228516,True,28.641123844119434,,ok
RoundRobinGreedy,n14_k5,14,5,0.001512765884399414,True,30.752761699906557,,ok
RoundRobinGreedy,n17_k5,17,5,0.0045642852783203125,True,6.236942468528184,,ok
RoundRobinGreedy,n20_k5,20,5,0.005666494369506836,True,18.087079990252988,,ok
RoundRobinGreedy,n23_k5,23,5,0.0014581680297851562,True,18.168000040426705,,ok
RoundRobinGreedy,n26_k5,26,5,0.0034513473510742188,True,7.086269004334071,,ok
RoundRobinGreedy,n29_k5,29,5,0.0035216808319091797,True,6.767479937100347,,ok
RoundRobinGreedy,n32_k5,32,5,0.005002260208129883,True,13.849731887408211,,ok
RoundRobinGreedy,n35_k5,35,5,0.002950906753540039,True,8.654917951930656,,ok
RoundRobinGreedy,n38_k5,38,5,0.0010819435119628906,True,7.966545634465717,,ok
RoundRobinGreedy,n41_k5,41,5,0.0010945796966552734,True,2.8669473757312858,,ok
RoundRobinGreedy,n44_k5,44,5,0.0011823177337646484,True,7.261969644873034,,ok
RoundRobinGreedy,n47_k5,47,5,0.0018334388732910156,True,4.622145309329483,,ok
RoundRobinGreedy,n50_k5,50,5,0.0022153854370117188,True,5.715284745856366,,ok
LPT,n5_k2,5,2,0.0004317760467529297,True,25.82743263402793,,ok
LPT,n8_k2,8,2,0.00036406517028808594,True,0.21802712770647759,,ok
LPT,n11_k2,11,2,0.000362396240234375,True,1.8966405469242602,,ok
LPT,n14_k2,14,2,0.00045752525329589844,True,13.413278367295561,,ok
LPT,n17_k2,17,2,0.00044989585876464844,True,3.8696857503899764,,ok
LPT,n20_k2,20,2,0.0009474754333496094,True,1.5197448578707622,,ok
LPT,n23_k2,23,2,0.0006008148193359375,True,5.069965765517736,,ok
LPT,n26_k2,26,2,0.006329059600830078,True,0.21239409327904468,,ok
LPT,n29_k2,29,2,0.0017275810241699219,True,0.2795117563697431,,ok
LPT,n32_k2,32,2,0.004152536392211914,True,0.8297358463144064,,ok
LPT,n35_k2,35,2,0.0018341541290283203,True,0.9872476008602007,,ok
LPT,n38_k2,38,2,0.0018768310546875,True,1.1794871283309476,,ok
LPT,n41_k2,41,2,0.002545595169067383,True,2.3043461529184697,,ok
LPT,n44_k2,44,2,0.003137350082397461,True,0.01141395078889218,,ok
LPT,n47_k2,47,2,0.0021638870239257812,True,0.436823346292158,,ok
LPT,n50_k2,50,2,0.0032813549041748047,True,0.2222629438565491,,ok
LPT,n5_k3,5,3,0.0009431838989257812,True,17.592549813177,,ok
LPT,n8_k3,8,3,0.0017611980438232422,True,27.92868805567683,,ok
LPT,n11_k3,11,3,0.002164125442504883,True,17.782448468467237,,ok
LPT,n14_k3,14,3,0.0016818046569824219,True,4.892490423570962,,ok
LPT,n17_k3,17,3,0.002765655517578125,True,5.48875111448848,,ok
LPT,n20_k3,20,3,0.0024657249450683594,True,17.102335264470526,,ok
LPT,n23_k3,23,3,0.0008034706115722656,True,7.658718964414504,,ok
LPT,n26_k3,26,3,0.001165151596069336,True,4.39407724285735,,ok
LPT,n29_k3,29,3,0.0008060932159423828,True,8.207296658536222,,ok
LPT,n32_k3,32,3,0.0006964206695556641,True,3.9495935703322402,,ok
LPT,n35_k3,35,3,0.000728607177734375,True,2.4344057350497224,,ok
LPT,n38_k3,38,3,0.0007765293121337891,True,3.134066408129115,,ok
LPT,n41_k3,41,3,0.0007719993591308594,True,3.0666452980597114,,ok
LPT,n44_k3,44,3,0.0032973289489746094,True,1.8736575345351412,,ok
LPT,n47_k3,47,3,0.0011565685272216797,True,1.3024377009455748,,ok
LPT,n50_k3,50,3,0.0009706020355224609,True,1.0830480777918865,,ok
LPT,n5_k4,5,4,0.0013167858123779297,True,74.46066972322153,,ok
LPT,n8_k4,8,4,0.0002892017364501953,True,15.461411970444999,,ok
LPT,n11_k4,11,4,0.000286102294921875,True,15.914516608644647,,ok
LPT,n14_k4,14,4,0.0002696514129638672,True,26.75559326647624,,ok
LPT,n17_k4,17,4,0.000331878662109375,True,6.196438927730384,,ok
LPT,n20_k4,20,4,0.000514984130859375,True,12.074305932733466,,ok
LPT,n23_k4,23,4,0.0007576942443847656,True,11.273098679567795,,ok
LPT,n26_k4,26,4,0.0012459754943847656,True,4.944180485004551,,ok
LPT,n29_k4,29,4,0.0006554126739501953,True,4.2168882472766995,,ok
LPT,n32_k4,32,4,0.0006835460662841797,True,2.480054457710935,,ok
LPT,n35_k4,35,4,0.0009534358978271484,True,5.41773323129496,,ok
LPT,n38_k4,38,4,0.0008027553558349609,True,4.827726176053204,,ok
LPT,n41_k4,41,4,0.0008649826049804688,True,6.1547675380739975,,ok
LPT,n44_k4,44,4,0.0009660720825195312,True,1.0741361039950448,,ok
LPT,n47_k4,47,4,0.0005972385406494141,True,5.548110310847505,,ok
LPT,n50_k4,50,4,0.0005712509155273438,True,5.068043980584093,,ok
LPT,n5_k5,5,5,0.0002970695495605469,True,50.93891267300193,,ok
LPT,n8_k5,8,5,0.0005636215209960938,True,41.06904893561958,,ok
LPT,n11_k5,11,5,0.00034117698669433594,True,28.641123844119434,,ok
LPT,n14_k5,14,5,0.00040602684020996094,True,30.752761699906557,,ok
LPT,n17_k5,17,5,0.00040531158447265625,True,6.236942468528184,,ok
LPT,n20_k5,20,5,0.0009584426879882812,True,18.087079990252988,,ok
LPT,n23_k5,23,5,0.0006582736968994141,True,18.168000040426705,,ok
LPT,n26_k5,26,5,0.0007278919219970703,True,7.086269004334071,,ok
LPT,n29_k5,29,5,0.0006377696990966797,True,6.767479937100347,,ok
LPT,n32_k5,32,5,0.0006921291351318359,True,13.849731887408211,,ok
LPT,n35_k5,35,5,0.0006577968597412109,True,8.654917951930656,,ok
LPT,n38_k5,38,5,0.0006351470947265625,True,7.966545634465717,,ok
LPT,n41_k5,41,5,0.0005717277526855469,True,2.8669473757312858,,ok
LPT,n44_k5,44,5,0.0005199909210205078,True,7.261969644873034,,ok
LPT,n47_k5,47,5,0.0005364418029785156,True,4.622145309329483,,ok
LPT,n50_k5,50,5,0.0005729198455810547,True,5.715284745856366,,ok
KK,n5_k2,5,2,0.0002524852752685547,True,25.82743263402793,,ok
KK,n8_k2,8,2,0.00032520294189453125,True,1.1327591119582223,,ok
KK,n11_k2,11,2,0.00031948089599609375,True,4.7398013758188995,,ok
KK,n14_k2,14,2,0.000396728515625,True,36.56497862798386,,ok
KK,n17_k2,17,2,0.0005354881286621094,True,9.317816710410796,,ok
KK,n20_k2,20,2,0.0009517669677734375,True,3.882921203709998,,ok
KK,n23_k2,23,2,0.0005078315734863281,True,9.420074972004386,,ok
KK,n26_k2,26,2,0.0005266666412353516,True,8.619087183656688,,ok
KK,n29_k2,29,2,0.0005364418029785156,True,8.20275712590444,,ok
KK,n32_k2,32,2,0.0005295276641845703,True,3.1719929679172765,,ok
KK,n35_k2,35,2,0.0009667873382568359,True,11.906575640325627,,ok
KK,n38_k2,38,2,0.0008108615875244141,True,8.84730281642328,,ok
KK,n41_k2,41,2,0.0009212493896484375,True,1.7644423870142418,,ok
KK,n44_k2,44,2,0.0006971359252929688,True,0.4763919647100465,,ok
KK,n47_k2,47,2,0.0008306503295898438,True,2.3161168822166474,,ok
KK,n50_k2,50,2,0.0014061927795410156,True,1.548642896576439,,ok
KK,n5_k3,5,3,0.0002903938293457031,True,17.592549813177,,ok
KK,n8_k3,8,3,0.0002808570861816406,True,27.92868805567683,,ok
KK,n11_k3,11,3,0.0003840923309326172,True,17.782448468467237,,ok
KK,n14_k3,14,3,0.0004200935363769531,True,4.892490423570962,,ok
KK,n17_k3,17,3,0.0005092620849609375,True,5.48875111448848,,ok
KK,n20_k3,20,3,0.0010094642639160156,True,17.102335264470526,,ok
KK,n23_k3,23,3,0.0013103485107421875,True,7.658718964414504,,ok
KK,n26_k3,26,3,0.0009872913360595703,True,4.39407724285735,,ok
KK,n29_k3,29,3,0.0010714530944824219,True,8.207296658536222,,ok
KK,n32_k3,32,3,0.0016748905181884766,True,3.9495935703322402,,ok
KK,n35_k3,35,3,0.0013804435729980469,True,2.4344057350497224,,ok
KK,n38_k3,38,3,0.0013382434844970703,True,3.134066408129115,,ok
KK,n41_k3,41,3,0.002495288848876953,True,3.0666452980597114,,ok
KK,n44_k3,44,3,0.0014443397521972656,True,1.8736575345351412,,ok
KK,n47_k3,47,3,0.0017008781433105469,True,1.3024377009455748,,ok
KK,n50_k3,50,3,0.0017757415771484375,True,1.0830480777918865,,ok
KK,n5_k4,5,4,0.0003178119659423828,True,74.46066972322153,,ok
KK,n8_k4,8,4,0.00036787986755371094,True,15.461411970444999,,ok
KK,n11_k4,11,4,0.0004475116729736328,True,15.914516608644647,,ok
KK,n14_k4,14,4,0.0005824565887451172,True,26.75559326647624,,ok
KK,n17_k4,17,4,0.0005221366882324219,True,6.196438927730384,,ok
KK,n20_k4,20,4,0.0006361007690429688,True,12.074305932733466,,ok
KK,n23_k4,23,4,0.00067901611328125,True,11.273098679567795,,ok
KK,n26_k4,26,4,0.0008122920989990234,True,4.944180485004551,,ok
KK,n29_k4,29,4,0.0009598731994628906,True,4.2168882472766995,,ok
KK,n32_k4,32,4,0.0011947154998779297,True,2.480054457710935,,ok
KK,n35_k4,35,4,0.001390218734741211,True,5.41773323129496,,ok
KK,n38_k4,38,4,0.0013833045959472656,True,4.827726176053204,,ok
KK,n41_k4,41,4,0.0014133453369140625,True,6.1547675380739975,,ok
KK,n44_k4,44,4,0.0018794536590576172,True,1.0741361039950448,,ok
KK,n47_k4,47,4,0.002000093460083008,True,5.548110310847505,,ok
KK,n50_k4,50,4,0.0019969940185546875,True,5.068043980584093,,ok
KK,n5_k5,5,5,0.00030112266540527344,True,50.93891267300193,,ok
KK,n8_k5,8,5,0.00033283233642578125,True,41.06904893561958,,ok
KK,n11_k5,11,5,0.00036597251892089844,True,39.761678727587885,,ok
KK,n14_k5,14,5,0.0005168914794921875,True,30.752761699906557,,ok
KK,n17_k5,17,5,0.0006055831909179688,True,6.236942468528184,,ok
KK,n20_k5,20,5,0.0005915164947509766,True,18.087079990252988,,ok
KK,n23_k5,23,5,0.0008015632629394531,True,18.168000040426705,,ok
KK,n26_k5,26,5,0.0016379356384277344,True,7.086269004334071,,ok
KK,n29_k5,29,5,0.001306772232055664,True,6.767479937100347,,ok
KK,n32_k5,32,5,0.001524209976196289,True,13.849731887408211,,ok
KK,n35_k5,35,5,0.0026445388793945312,True,8.654917951930656,,ok
KK,n38_k5,38,5,0.002830982208251953,True,7.966545634465717,,ok
KK,n41_k5,41,5,0.002615690231323242,True,2.8669473757312858,,ok
KK,n44_k5,44,5,0.004450798034667969,True,7.261969644873034,,ok
KK,n47_k5,47,5,0.0025238990783691406,True,4.622145309329483,,ok
KK,n50_k5,50,5,0.0034418106079101562,True,5.715284745856366,,ok
SimulatedAnnealing,n5_k2,5,2,0.054878950119018555,True,25.82743263402793,,ok
SimulatedAnnealing,n8_k2,8,2,0.04515576362609863,True,0.16650355739616884,,ok
SimulatedAnnealing,n11_k2,11,2,0.03808450698852539,True,0.4586786899890285,,ok
SimulatedAnnealing,n14_k2,14,2,0.03319954872131348,True,0.1302070673527851,,ok
SimulatedAnnealing,n17_k2,17,2,0.046263933181762695,True,0.08260549277025575,,ok
SimulatedAnnealing,n20_k2,20,2,0.040950775146484375,True,0.27074342245452954,,ok
SimulatedAnnealing,n23_k2,23,2,0.03754305839538574,True,0.020956852610424903,,ok
SimulatedAnnealing,n26_k2,26,2,0.027018070220947266,True,0.21239409327904468,,ok
SimulatedAnnealing,n29_k2,29,2,0.03464317321777344,True,0.10485427990886365,,ok
SimulatedAnnealing,n32_k2,32,2,0.031514883041381836,True,0.21416728724466338,,ok
SimulatedAnnealing,n35_k2,35,2,0.03393721580505371,True,0.1507387643043785,,ok
SimulatedAnnealing,n38_k2,38,2,0.03572893142700195,True,0.3519415383341311,,ok
SimulatedAnnealing,n41_k2,41,2,0.047478675842285156,True,0.002215318625303553,,ok
SimulatedAnnealing,n44_k2,44,2,0.04661679267883301,True,0.01141395078889218,,ok
SimulatedAnnealing,n47_k2,47,2,0.04010152816772461,True,0.3467114251466228,,ok
SimulatedAnnealing,n50_k2,50,2,0.036455631256103516,True,0.03831239599003311,,ok
SimulatedAnnealing,n5_k3,5,3,0.04601407051086426,True,17.592549813177,,ok
SimulatedAnnealing,n8_k3,8,3,0.04573321342468262,True,10.553848664097643,,ok
SimulatedAnnealing,n11_k3,11,3,0.04751706123352051,True,0.7899792150813596,,ok
SimulatedAnnealing,n14_k3,14,3,0.03801584243774414,True,1.8430855823119145,,ok
SimulatedAnnealing,n17_k3,17,3,0.03226494789123535,True,1.2554807080348382,,ok
SimulatedAnnealing,n20_k3,20,3,0.0389859676361084,True,2.8636974614305473,,ok
SimulatedAnnealing,n23_k3,23,3,0.031218528747558594,True,3.067811588409427,,ok
SimulatedAnnealing,n26_k3,26,3,0.045742034912109375,True,0.44415046710497563,,ok
SimulatedAnnealing,n29_k3,29,3,0.06065011024475098,True,0.8130379880508372,,ok
SimulatedAnnealing,n32_k3,32,3,0.032846927642822266,True,1.1499514855012194,,ok
SimulatedAnnealing,n35_k3,35,3,0.06443071365356445,True,1.092508442878625,,ok
SimulatedAnnealing,n38_k3,38,3,0.040590524673461914,True,2.1586000020848815,,ok
SimulatedAnnealing,n41_k3,41,3,0.055478572845458984,True,0.46870487145997686,,ok
SimulatedAnnealing,n44_k3,44,3,0.0444035530090332,True,1.0190953563169387,,ok
SimulatedAnnealing,n47_k3,47,3,0.056821584701538086,True,0.9352049617605189,,ok
SimulatedAnnealing,n50_k3,50,3,0.035451650619506836,True,0.26760539460872224,,ok
SimulatedAnnealing,n5_k4,5,4,0.08126258850097656,True,74.46066972322153,,ok
SimulatedAnnealing,n8_k4,8,4,0.058336734771728516,True,15.461411970444999,,ok
SimulatedAnnealing,n11_k4,11,4,0.0342564582824707,True,11.083830906491926,,ok
SimulatedAnnealing,n14_k4,14,4,0.042005300521850586,True,3.0795532566388317,,ok
SimulatedAnnealing,n17_k4,17,4,0.04148507118225098,True,3.5052198913087977,,ok
SimulatedAnnealing,n20_k4,20,4,0.0473024845123291,True,3.129128210974784,,ok
SimulatedAnnealing,n23_k4,23,4,0.04634881019592285,True,4.512770617466003,,ok
SimulatedAnnealing,n26_k4,26,4,0.04259800910949707,True,3.275625118890048,,ok
SimulatedAnnealing,n29_k4,29,4,0.03642988204956055,True,4.2168882472766995,,ok
SimulatedAnnealing,n32_k4,32,4,0.040197134017944336,True,1.5403621996148331,,ok
SimulatedAnnealing,n35_k4,35,4,0.03959178924560547,True,3.7776029625316596,,ok
SimulatedAnnealing,n38_k4,38,4,0.05019211769104004,True,1.540033233484678,,ok
SimulatedAnnealing,n41_k4,41,4,0.044969797134399414,True,3.902732383516309,,ok
SimulatedAnnealing,n44_k4,44,4,0.05360531806945801,True,1.0741361039950448,,ok
SimulatedAnnealing,n47_k4,47,4,0.047577619552612305,True,2.425866992989654,,ok
SimulatedAnnealing,n50_k4,50,4,0.04869246482849121,True,4.744531150500052,,ok
SimulatedAnnealing,n5_k5,5,5,0.0013611316680908203,True,50.93891267300193,,ok
SimulatedAnnealing,n8_k5,8,5,0.028380393981933594,True,41.06904893561958,,ok
SimulatedAnnealing,n11_k5,11,5,0.03886771202087402,True,28.641123844119434,,ok
SimulatedAnnealing,n14_k5,14,5,0.03054332733154297,True,10.734431850191356,,ok
SimulatedAnnealing,n17_k5,17,5,0.0456385612487793,True,3.1742556394502515,,ok
SimulatedAnnealing,n20_k5,20,5,0.05470132827758789,True,9.074934458750391,,ok
SimulatedAnnealing,n23_k5,23,5,0.04967451095581055,True,10.975276186169083,,ok
SimulatedAnnealing,n26_k5,26,5,0.038071632385253906,True,7.086269004334071,,ok
SimulatedAnnealing,n29_k5,29,5,0.04576563835144043,True,6.767479937100347,,ok
SimulatedAnnealing,n32_k5,32,5,0.04517531394958496,True,6.016543612662417,,ok
SimulatedAnnealing,n35_k5,35,5,0.04046130180358887,True,1.028735847903988,,ok
SimulatedAnnealing,n38_k5,38,5,0.06538534164428711,True,1.9779824916089979,,ok
SimulatedAnnealing,n41_k5,41,5,0.04592013359069824,True,2.8669473757312858,,ok
SimulatedAnnealing,n44_k5,44,5,0.054677486419677734,True,3.261683611416913,,ok
SimulatedAnnealing,n47_k5,47,5,0.04683971405029297,True,3.90704825240897,,ok
SimulatedAnnealing,n50_k5,50,5,0.05473732948303223,True,5.179954364230866,,ok
GeneticAlgorithm,n5_k2,5,2,0.07695293426513672,True,25.82743263402793,,ok
GeneticAlgorithm,n8_k2,8,2,0.09615755081176758,True,0.16650355739616884,,ok
GeneticAlgorithm,n11_k2,11,2,0.11694073677062988,True,0.5760541194224231,,ok
GeneticAlgorithm,n14_k2,14,2,0.1759655475616455,True,0.031393667450458906,,ok
GeneticAlgorithm,n17_k2,17,2,0.15252280235290527,True,0.1172029001660917,,ok
GeneticAlgorithm,n20_k2,20,2,0.25002527236938477,True,0.1196864889925564,,ok
GeneticAlgorithm,n23_k2,23,2,0.22566485404968262,True,0.3009221926702139,,ok
GeneticAlgorithm,n26_k2,26,2,0.17984962463378906,True,0.21239409327904468,,ok
GeneticAlgorithm,n29_k2,29,2,0.37650108337402344,True,0.008999503864856706,,ok
GeneticAlgorithm,n32_k2,32,2,0.5484929084777832,True,0.0778358262510892,,ok
GeneticAlgorithm,n35_k2,35,2,0.27074408531188965,True,0.004916830633646896,,ok
GeneticAlgorithm,n38_k2,38,2,0.36401844024658203,True,0.027420180120088844,,ok
GeneticAlgorithm,n41_k2,41,2,0.8226766586303711,True,0.07774584088178926,,ok
GeneticAlgorithm,n44_k2,44,2,0.2577993869781494,True,0.01141395078889218,,ok
GeneticAlgorithm,n47_k2,47,2,0.6106092929840088,True,0.0123718453892252,,ok
GeneticAlgorithm,n50_k2,50,2,0.6014859676361084,True,0.014126866226433776,,ok
GeneticAlgorithm,n5_k3,5,3,0.08226704597473145,True,17.592549813177,,ok
GeneticAlgorithm,n8_k3,8,3,0.11373186111450195,True,10.553848664097643,,ok
GeneticAlgorithm,n11_k3,11,3,0.2830543518066406,True,2.245982718616659,,ok
GeneticAlgorithm,n14_k3,14,3,0.19769287109375,True,2.102998687216939,,ok
GeneticAlgorithm,n17_k3,17,3,0.507697343826294,True,3.009307110402176,,ok
GeneticAlgorithm,n20_k3,20,3,0.45932745933532715,True,4.7643181063504585,,ok
GeneticAlgorithm,n23_k3,23,3,0.17208242416381836,True,7.658718964414504,,ok
GeneticAlgorithm,n26_k3,26,3,0.352308988571167,True,2.4611490099469506,,ok
GeneticAlgorithm,n29_k3,29,3,0.22031807899475098,True,7.61276148661625,,ok
GeneticAlgorithm,n32_k3,32,3,0.21069025993347168,True,3.488169640133833,,ok
GeneticAlgorithm,n35_k3,35,3,0.24856138229370117,True,2.3307794062936864,,ok
GeneticAlgorithm,n38_k3,38,3,0.26300477981567383,True,3.134066408129115,,ok
GeneticAlgorithm,n41_k3,41,3,0.26505160331726074,True,3.0666452980597114,,ok
GeneticAlgorithm,n44_k3,44,3,0.2784240245819092,True,0.6738697195687564,,ok
GeneticAlgorithm,n47_k3,47,3,0.2860527038574219,True,1.3024377009455748,,ok
GeneticAlgorithm,n50_k3,50,3,0.3072850704193115,True,1.0830480777918865,,ok
GeneticAlgorithm,n5_k4,5,4,0.09601616859436035,True,74.46066972322153,,ok
GeneticAlgorithm,n8_k4,8,4,0.13396620750427246,True,15.461411970444999,,ok
GeneticAlgorithm,n11_k4,11,4,0.2154684066772461,True,5.139412374042507,,ok
GeneticAlgorithm,n14_k4,14,4,0.37005090713500977,True,14.103605710402775,,ok
GeneticAlgorithm,n17_k4,17,4,0.16072487831115723,True,6.196438927730384,,ok
GeneticAlgorithm,n20_k4,20,4,0.6483509540557861,True,7.5960607097125035,,ok
GeneticAlgorithm,n23_k4,23,4,0.20043706893920898,True,11.273098679567795,,ok
GeneticAlgorithm,n26_k4,26,4,0.2514009475708008,True,3.1760145850185495,,ok
GeneticAlgorithm,n29_k4,29,4,0.21755027770996094,True,4.2168882472766995,,ok
GeneticAlgorithm,n32_k4,32,4,0.22397184371948242,True,2.480054457710935,,ok
GeneticAlgorithm,n35_k4,35,4,0.23535943031311035,True,5.41773323129496,,ok
GeneticAlgorithm,n38_k4,38,4,0.25869035720825195,True,4.767802934918905,,ok
GeneticAlgorithm,n41_k4,41,4,0.26436352729797363,True,6.1547675380739975,,ok
GeneticAlgorithm,n44_k4,44,4,0.2905251979827881,True,1.0741361039950448,,ok
GeneticAlgorithm,n47_k4,47,4,0.2958846092224121,True,5.548110310847505,,ok
GeneticAlgorithm,n50_k4,50,4,0.33615612983703613,True,5.068043980584093,,ok
GeneticAlgorithm,n5_k5,5,5,0.1010890007019043,True,50.93891267300193,,ok
GeneticAlgorithm,n8_k5,8,5,0.14691615104675293,True,99.49730620313862,,ok
GeneticAlgorithm,n11_k5,11,5,0.3021109104156494,True,26.834247755172697,,ok
GeneticAlgorithm,n14_k5,14,5,0.31589841842651367,True,12.376871668551502,,ok
GeneticAlgorithm,n17_k5,17,5,0.2702510356903076,True,5.4578300187392585,,ok
GeneticAlgorithm,n20_k5,20,5,0.4249236583709717,True,15.666039807586571,,ok
GeneticAlgorithm,n23_k5,23,5,0.2093362808227539,True,18.168000040426705,,ok
GeneticAlgorithm,n26_k5,26,5,0.230482816696167,True,7.086269004334071,,ok
GeneticAlgorithm,n29_k5,29,5,0.24252796173095703,True,6.767479937100347,,ok
GeneticAlgorithm,n32_k5,32,5,0.2748589515686035,True,13.849731887408211,,ok
GeneticAlgorithm,n35_k5,35,5,0.2683746814727783,True,8.654917951930656,,ok
GeneticAlgorithm,n38_k5,38,5,0.2806062698364258,True,7.966545634465717,,ok
GeneticAlgorithm,n41_k5,41,5,0.29099559783935547,True,2.8669473757312858,,ok
GeneticAlgorithm,n44_k5,44,5,0.31201624870300293,True,7.261969644873034,,ok
GeneticAlgorithm,n47_k5,47,5,0.3462798595428467,True,4.622145309329483,,ok
GeneticAlgorithm,n50_k5,50,5,0.34642529487609863,True,5.715284745856366,,ok
TabuSearch,n5_k2,5,2,0.5637266635894775,True,25.82743263402793,,ok
TabuSearch,n8_k2,8,2,1.0510742664337158,True,0.21802712770647759,,ok
TabuSearch,n11_k2,11,2,1.3144803047180176,True,0.4586786899890285,,ok
TabuSearch,n14_k2,14,2,1.5200622081756592,True,0.05292887176625527,,ok
TabuSearch,n17_k2,17,2,1.7485482692718506,True,0.013923689546061269,,ok
TabuSearch,n20_k2,20,2,1.8932604789733887,True,0.09674804666178716,,ok
TabuSearch,n23_k2,23,2,2.1103553771972656,True,0.004604939321097845,,ok
TabuSearch,n26_k2,26,2,2.370129108428955,True,0.19433049453130025,,ok
TabuSearch,n29_k2,29,2,2.681217908859253,True,0.19535790046882084,,ok
TabuSearch,n32_k2,32,2,2.9411041736602783,True,0.02813557100557773,,ok
TabuSearch,n35_k2,35,2,3.2552907466888428,True,0.06239998038927297,,ok
TabuSearch,n38_k2,38,2,3.5925538539886475,True,0.054008224796461946,,ok
TabuSearch,n41_k2,41,2,4.019402980804443,True,0.2692390642596365,,ok
TabuSearch,n44_k2,44,2,4.72662878036499,True,0.01141395078889218,,ok
TabuSearch,n47_k2,47,2,4.69961404800415,True,0.436823346292158,,ok
TabuSearch,n50_k2,50,2,5.059169054031372,True,0.15506993109647738,,ok
TabuSearch,n5_k3,5,3,0.6260638236999512,True,17.592549813177,,ok
TabuSearch,n8_k3,8,3,1.0051698684692383,True,27.92868805567683,,ok
TabuSearch,n11_k3,11,3,1.558748483657837,True,17.782448468467237,,ok
TabuSearch,n14_k3,14,3,1.984666109085083,True,4.892490423570962,,ok
TabuSearch,n17_k3,17,3,2.5079684257507324,True,5.48875111448848,,ok
TabuSearch,n20_k3,20,3,2.9609487056732178,True,17.102335264470526,,ok
TabuSearch,n23_k3,23,3,3.4917802810668945,True,6.4220015306044615,,ok
TabuSearch,n26_k3,26,3,4.136276721954346,True,4.39407724285735,,ok
TabuSearch,n29_k3,29,3,4.842280387878418,True,5.586252291381925,,ok
TabuSearch,n32_k3,32,3,5.372387647628784,True,3.9495935703322402,,ok
TabuSearch,n35_k3,35,3,5.990320444107056,True,2.4344057350497224,,ok
TabuSearch,n38_k3,38,3,6.6028289794921875,True,3.134066408129115,,ok
TabuSearch,n41_k3,41,3,7.37388801574707,True,3.0666452980597114,,ok
TabuSearch,n44_k3,44,3,7.978518486022949,True,1.8736575345351412,,ok
TabuSearch,n47_k3,47,3,8.643172264099121,True,1.3024377009455748,,ok
TabuSearch,n50_k3,50,3,9.461024284362793,True,1.0830480777918865,,ok
TabuSearch,n5_k4,5,4,0.5619401931762695,True,74.46066972322153,,ok
TabuSearch,n8_k4,8,4,1.2413418292999268,True,15.461411970444999,,ok
TabuSearch,n11_k4,11,4,2.079174280166626,True,15.914516608644647,,ok
TabuSearch,n14_k4,14,4,2.6647536754608154,True,26.75559326647624,,ok
TabuSearch,n17_k4,17,4,3.3488519191741943,True,6.196438927730384,,ok
TabuSearch,n20_k4,20,4,4.558830738067627,True,12.074305932733466,,ok
TabuSearch,n23_k4,23,4,5.205036401748657,True,11.273098679567795,,ok
TabuSearch,n26_k4,26,4,6.158505439758301,True,4.944180485004551,,ok
TabuSearch,n29_k4,29,4,7.378408193588257,True,4.2168882472766995,,ok
TabuSearch,n32_k4,32,4,8.321982622146606,True,2.446746548707381,,ok
TabuSearch,n35_k4,35,4,9.310887813568115,True,5.41773323129496,,ok
TabuSearch,n38_k4,38,4,9.993847608566284,True,4.827726176053204,,ok
TabuSearch,n41_k4,41,4,11.255531072616577,True,5.484780909244023,,ok
TabuSearch,n44_k4,44,4,12.394392251968384,True,1.0741361039950448,,ok
TabuSearch,n47_k4,47,4,13.412815809249878,True,5.548110310847505,,ok
TabuSearch,n50_k4,50,4,14.516739130020142,True,5.068043980584093,,ok
TabuSearch,n5_k5,5,5,0.00035381317138671875,True,50.93891267300193,,ok
TabuSearch,n8_k5,8,5,1.9612689018249512,True,41.06904893561958,,ok
TabuSearch,n11_k5,11,5,2.3611464500427246,True,39.761678727587885,,ok
TabuSearch,n14_k5,14,5,3.537797451019287,True,30.752761699906557,,ok
TabuSearch,n17_k5,17,5,5.441630840301514,True,6.236942468528184,,ok
TabuSearch,n20_k5,20,5,5.405560255050659,True,16.373413505292092,,ok
TabuSearch,n23_k5,23,5,6.603284120559692,True,18.168000040426705,,ok
TabuSearch,n26_k5,26,5,9.419106721878052,True,4.575377423020967,,ok
TabuSearch,n29_k5,29,5,10.856679677963257,True,6.304621903577356,,ok
TabuSearch,n32_k5,32,5,12.874567985534668,True,12.94073367779771,,ok
TabuSearch,n35_k5,35,5,13.910921573638916,True,7.637663074514535,,ok
TabuSearch,n38_k5,38,5,15.322386980056763,True,7.966545634465717,,ok
TabuSearch,n41_k5,41,5,20.265215635299683,True,2.8669473757312858,,ok
TabuSearch,n44_k5,44,5,21.47634267807007,True,6.577344540302306,,ok
TabuSearch,n47_k5,47,5,22.977360248565674,True,4.622145309329483,,ok
TabuSearch,n50_k5,50,5,24.153462886810303,True,3.3990390886889372,,ok
